event_id,station,phase,event_time,arrival_time,epidist,hypodist,arrival_latency_s
1593,ELBA00,P,2025-04-23 09:13:06.556475,2025-04-23 09:13:13.160000,37.0639,38.51854555299309,6.603525
1593,T59000,P,2025-04-23 09:13:06.556475,2025-04-23 09:13:13.950000,45.3834,46.57895086697428,7.393525
1593,CTKS00,P,2025-04-23 09:13:06.556475,2025-04-23 09:13:14.940000,48.9289,50.03981338412448,8.383525
1593,CATL00,P,2025-04-23 09:13:06.556475,2025-04-23 09:13:16.130000,55.6467,56.62597362693205,9.573525
1593,BGKT00,P,2025-04-23 09:13:06.556475,2025-04-23 09:13:16.540000,58.4777,59.41032793713568,9.983525
1593,MADA00,P,2025-04-23 09:13:06.556475,2025-04-23 09:13:16.760000,64.2564,65.10630237748113,10.203525
1593,EDC00,P,2025-04-23 09:13:06.556475,2025-04-23 09:13:17.130000,64.0006,64.85385469398102,10.573525
1593,ARMT00,P,2025-04-23 09:13:06.556475,2025-04-23 09:13:17.240000,61.7692,62.65285098818731,10.683525
1593,TKR00,P,2025-04-23 09:13:06.556475,2025-04-23 09:13:17.289900,60.9352,61.830771201304,10.733425
1593,EYUP00,P,2025-04-23 09:13:06.556475,2025-04-23 09:13:17.420000,66.4237,67.24621617606454,10.863525
1593,ESEK01,P,2025-04-23 09:13:06.556475,2025-04-23 09:13:17.730000,64.4981,65.34485880249497,11.173525
1593,KNAL00,P,2025-04-23 09:13:06.556475,2025-04-23 09:13:18.220000,68.6769,69.4727447415028,11.663525
1593,CTYL00,P,2025-04-23 09:13:06.556475,2025-04-23 09:13:18.340000,69.8762,70.65853801734086,11.783525
1593,KAVV00,P,2025-04-23 09:13:06.556475,2025-04-23 09:13:18.769900,73.5254,74.26930801796934,12.213425
1593,MRTI00,P,2025-04-23 09:13:06.556475,2025-04-23 09:13:19.190000,74.1569,74.89453575473983,12.633525
1593,BUAD07,P,2025-04-23 09:13:06.556475,2025-04-23 09:13:19.260000,74.9683,75.69802951991554,12.703525
1593,TESV01,P,2025-04-23 09:13:06.556475,2025-04-23 09:13:19.329900,75.3909,76.11657816217178,12.773425
1593,MDNY00,P,2025-04-23 09:13:06.556475,2025-04-23 09:13:19.690000,76.4013,77.1174708480381,13.133525
1593,KLYT00,P,2025-04-23 09:13:06.556475,2025-04-23 09:13:20.349900,81.4375,82.10975626902082,13.793425
1593,VIZE00,P,2025-04-23 09:13:06.556475,2025-04-23 09:13:21.300000,87.5825,88.20793600667687,14.743525
1593,SATE00,P,2025-04-23 09:13:06.556475,2025-04-23 09:13:21.380000,90.4382,91.04402060293693,14.823525
1593,TKOY00,P,2025-04-23 09:13:06.556475,2025-04-23 09:13:21.390000,90.8102,91.41355529869736,14.833525
1593,GEML00,P,2025-04-23 09:13:06.556475,2025-04-23 09:13:21.950000,92.9766,93.56598642598712,15.393525
1593,KRBG00,P,2025-04-23 09:13:06.556475,2025-04-23 09:13:21.970000,93.9674,94.55061042144574,15.413525
1593,ELBA00,S,2025-04-23 09:13:06.556475,2025-04-23 09:13:18.040000,37.0639,38.51854555299309,11.483525
1593,T59000,S,2025-04-23 09:13:06.556475,2025-04-23 09:13:19.809900,45.3834,46.57895086697428,13.253425
1593,CTKS00,S,2025-04-23 09:13:06.556475,2025-04-23 09:13:20.980000,48.9289,50.03981338412448,14.423525
1593,CATL00,S,2025-04-23 09:13:06.556475,2025-04-23 09:13:22.920000,55.6467,56.62597362693205,16.363525
1593,BGKT00,S,2025-04-23 09:13:06.556475,2025-04-23 09:13:23.890000,58.4777,59.41032793713568,17.333525
1593,TKR00,S,2025-04-23 09:13:06.556475,2025-04-23 09:13:25.390000,60.9352,61.830771201304,18.833525
1593,ARMT00,S,2025-04-23 09:13:06.556475,2025-04-23 09:13:25.390000,61.7692,62.65285098818731,18.833525
1593,EDC00,S,2025-04-23 09:13:06.556475,2025-04-23 09:13:25.500000,64.0006,64.85385469398102,18.943525
1593,EYUP00,S,2025-04-23 09:13:06.556475,2025-04-23 09:13:25.800000,66.4237,67.24621617606454,19.243525
1593,MADA00,S,2025-04-23 09:13:06.556475,2025-04-23 09:13:26.320000,64.2564,65.10630237748113,19.763525
1593,ESEK01,S,2025-04-23 09:13:06.556475,2025-04-23 09:13:26.400000,64.4981,65.34485880249497,19.843525
1593,CTYL00,S,2025-04-23 09:13:06.556475,2025-04-23 09:13:26.820000,69.8762,70.65853801734086,20.263525
1593,KNAL00,S,2025-04-23 09:13:06.556475,2025-04-23 09:13:26.920000,68.6769,69.4727447415028,20.363525
1593,KAVV00,S,2025-04-23 09:13:06.556475,2025-04-23 09:13:27.970000,73.5254,74.26930801796934,21.413525
1593,TESV01,S,2025-04-23 09:13:06.556475,2025-04-23 09:13:28.580000,75.3909,76.11657816217178,22.023525
1593,MRTI00,S,2025-04-23 09:13:06.556475,2025-04-23 09:13:28.880000,74.1569,74.89453575473983,22.323525
1593,BUAD07,S,2025-04-23 09:13:06.556475,2025-04-23 09:13:28.930000,74.9683,75.69802951991554,22.373525
1593,MDNY00,S,2025-04-23 09:13:06.556475,2025-04-23 09:13:29.200000,76.4013,77.1174708480381,22.643525
1593,KLYT00,S,2025-04-23 09:13:06.556475,2025-04-23 09:13:30.529900,81.4375,82.10975626902082,23.973425
1593,VIZE00,S,2025-04-23 09:13:06.556475,2025-04-23 09:13:31.740000,87.5825,88.20793600667687,25.183525
1593,SATE00,S,2025-04-23 09:13:06.556475,2025-04-23 09:13:32.500000,90.4382,91.04402060293693,25.943525
1593,TKOY00,S,2025-04-23 09:13:06.556475,2025-04-23 09:13:32.789900,90.8102,91.41355529869736,26.233425
1593,GEML00,S,2025-04-23 09:13:06.556475,2025-04-23 09:13:33.789900,92.9766,93.56598642598712,27.233425
1593,KRBG00,S,2025-04-23 09:13:06.556475,2025-04-23 09:13:33.880000,93.9674,94.55061042144574,27.323525
1595,ELBA00,P,2025-04-23 09:49:11.093583,2025-04-23 09:49:17.769900,37.9331,40.02072615773487,6.676317
1595,T59000,P,2025-04-23 09:49:11.093583,2025-04-23 09:49:18.540000,44.5144,46.30626581729954,7.446417
1595,CTKS00,P,2025-04-23 09:49:11.093583,2025-04-23 09:49:19.609900,49.7981,51.40612035733103,8.516317
1595,BAND00,P,2025-04-23 09:49:11.093583,2025-04-23 09:49:20.160000,55.0667,56.52503777506392,9.066417
1595,CATL00,P,2025-04-23 09:49:11.093583,2025-04-23 09:49:20.780000,56.48,57.9027533592523,9.686417
1595,BGKT00,P,2025-04-23 09:49:11.093583,2025-04-23 09:49:21.190000,59.2764,60.63357191805876,10.096417
1595,MADA00,P,2025-04-23 09:49:11.093583,2025-04-23 09:49:21.320000,63.5591,64.82667382638418,10.226417
1595,EDC00,P,2025-04-23 09:49:11.093583,2025-04-23 09:49:21.589900,63.1321,64.40807788618136,10.496317
1595,TKR00,P,2025-04-23 09:49:11.093583,2025-04-23 09:49:21.820000,60.7592,62.08396597530157,10.726417
1595,KCTX00,P,2025-04-23 09:49:11.093583,2025-04-23 09:49:21.940000,64.8658,66.10832365309533,10.846417
1595,EYUP00,P,2025-04-23 09:49:11.093583,2025-04-23 09:49:22.089900,67.1306,68.33195374744092,10.996317
1595,KNAL00,P,2025-04-23 09:49:11.093583,2025-04-23 09:49:22.809900,69.1493,70.31617265659732,11.716317
1595,CTYL00,P,2025-04-23 09:49:11.093583,2025-04-23 09:49:22.950000,70.6747,71.8167923724835,11.856417
1595,KAVV00,P,2025-04-23 09:49:11.093583,2025-04-23 09:49:23.450000,74.1583,75.24753753759923,12.356417
1595,MRTI00,P,2025-04-23 09:49:11.093583,2025-04-23 09:49:23.809900,74.5292,75.61309476024907,12.716317
1595,BUAD07,P,2025-04-23 09:49:11.093583,2025-04-23 09:49:23.890000,75.3646,76.43664945392625,12.796417
1595,TESV01,P,2025-04-23 09:49:11.093583,2025-04-23 09:49:23.960000,75.5351,76.60476341972739,12.866417
1595,MDNY00,P,2025-04-23 09:49:11.093583,2025-04-23 09:49:24.140000,76.1592,77.22021879807389,13.046417
1595,NMR700,P,2025-04-23 09:49:11.093583,2025-04-23 09:49:24.920000,84.8448,85.7984762896312,13.826417
1595,KLYT00,P,2025-04-23 09:49:11.093583,2025-04-23 09:49:25.029900,82.1987,83.18271892810672,13.936317
1595,SATE00,P,2025-04-23 09:49:11.093583,2025-04-23 09:49:26.049900,90.9905,91.88040888476937,14.956317
1595,KRBG00,P,2025-04-23 09:49:11.093583,2025-04-23 09:49:26.490000,93.2201,94.08892331508744,15.396417
1595,GEML00,P,2025-04-23 09:49:11.093583,2025-04-23 09:49:26.630000,92.9848,93.8558015128655,15.536417
1595,CMH00,P,2025-04-23 09:49:11.093583,2025-04-23 09:49:26.680000,94.6646,95.52028548817472,15.586417
1595,ELBA00,S,2025-04-23 09:49:11.093583,2025-04-23 09:49:23.140000,37.9331,40.02072615773487,12.046417
1595,T59000,S,2025-04-23 09:49:11.093583,2025-04-23 09:49:24.589900,44.5144,46.30626581729954,13.496317
1595,CTKS00,S,2025-04-23 09:49:11.093583,2025-04-23 09:49:25.700000,49.7981,51.40612035733103,14.606417
1595,BAND00,S,2025-04-23 09:49:11.093583,2025-04-23 09:49:27.589900,55.0667,56.52503777506392,16.496317
1595,CATL00,S,2025-04-23 09:49:11.093583,2025-04-23 09:49:27.670000,56.48,57.9027533592523,16.576417
1595,BGKT00,S,2025-04-23 09:49:11.093583,2025-04-23 09:49:28.980000,59.2764,60.63357191805876,17.886417
1595,EDC00,S,2025-04-23 09:49:11.093583,2025-04-23 09:49:29.820000,63.1321,64.40807788618136,18.726417
1595,KCTX00,S,2025-04-23 09:49:11.093583,2025-04-23 09:49:29.920000,64.8658,66.10832365309533,18.826417
1595,TKR00,S,2025-04-23 09:49:11.093583,2025-04-23 09:49:30.009900,60.7592,62.08396597530157,18.916317
1595,EYUP00,S,2025-04-23 09:49:11.093583,2025-04-23 09:49:30.220000,67.1306,68.33195374744092,19.126417
1595,MADA00,S,2025-04-23 09:49:11.093583,2025-04-23 09:49:30.740000,63.5591,64.82667382638418,19.646417
1595,CTYL00,S,2025-04-23 09:49:11.093583,2025-04-23 09:49:31.460000,70.6747,71.8167923724835,20.366417
1595,KNAL00,S,2025-04-23 09:49:11.093583,2025-04-23 09:49:31.609900,69.1493,70.31617265659732,20.516317
1595,KAVV00,S,2025-04-23 09:49:11.093583,2025-04-23 09:49:32.869900,74.1583,75.24753753759923,21.776317
1595,MRTI00,S,2025-04-23 09:49:11.093583,2025-04-23 09:49:33.349900,74.5292,75.61309476024907,22.256317
1595,BUAD07,S,2025-04-23 09:49:11.093583,2025-04-23 09:49:33.470000,75.3646,76.43664945392625,22.376417
1595,TESV01,S,2025-04-23 09:49:11.093583,2025-04-23 09:49:33.569900,75.5351,76.60476341972739,22.476317
1595,MDNY00,S,2025-04-23 09:49:11.093583,2025-04-23 09:49:33.760000,76.1592,77.22021879807389,22.666417
1595,NMR700,S,2025-04-23 09:49:11.093583,2025-04-23 09:49:35.769900,84.8448,85.7984762896312,24.676317
1595,KLYT00,S,2025-04-23 09:49:11.093583,2025-04-23 09:49:35.800000,82.1987,83.18271892810672,24.706417
1595,SATE00,S,2025-04-23 09:49:11.093583,2025-04-23 09:49:37.180000,90.9905,91.88040888476937,26.086417
1595,CMH00,S,2025-04-23 09:49:11.093583,2025-04-23 09:49:38.380000,94.6646,95.52028548817472,27.286417
1595,KRBG00,S,2025-04-23 09:49:11.093583,2025-04-23 09:49:38.549900,93.2201,94.08892331508744,27.456317
1595,GEML00,S,2025-04-23 09:49:11.093583,2025-04-23 09:49:39.100000,92.9848,93.8558015128655,28.006417
1596,ELBA00,P,2025-04-23 09:51:20.681946,2025-04-23 09:51:26.670000,33.6096,35.406297270435964,5.988054
1596,BOTS00,P,2025-04-23 09:51:20.681946,2025-04-23 09:51:26.849900,33.9527,35.73214955096434,6.167954
1596,BIRL00,P,2025-04-23 09:51:20.681946,2025-04-23 09:51:28.700000,43.9923,45.379765683975066,8.018054
1596,SLVT00,P,2025-04-23 09:51:20.681946,2025-04-23 09:51:28.730000,43.26,44.67021685913871,8.048054
1596,CTKS00,P,2025-04-23 09:51:20.681946,2025-04-23 09:51:28.809900,45.0168,46.37362349959815,8.127954
1596,BGKT00,P,2025-04-23 09:51:20.681946,2025-04-23 09:51:29.549900,51.5464,52.73549115351521,8.867954
1596,ARMT00,P,2025-04-23 09:51:20.681946,2025-04-23 09:51:30.150000,54.4349,55.56220848969632,9.468054
1596,EYUP00,P,2025-04-23 09:51:20.681946,2025-04-23 09:51:30.200000,58.3478,59.400895945115856,9.518054
1596,ESEK01,P,2025-04-23 09:51:20.681946,2025-04-23 09:51:30.680000,56.7457,57.82797889199035,9.998054
1596,KNAL00,P,2025-04-23 09:51:20.681946,2025-04-23 09:51:30.809900,59.7064,60.73594384878267,10.127954
1596,KAVV00,P,2025-04-23 09:51:20.681946,2025-04-23 09:51:31.529900,64.9641,65.91156926558858,10.847954
1596,BUAD07,P,2025-04-23 09:51:20.681946,2025-04-23 09:51:31.800000,66.0025,66.93527231955123,11.118054
1596,MRTI00,P,2025-04-23 09:51:20.681946,2025-04-23 09:51:31.820000,65.2136,66.15749616787565,11.138054
1596,TESV01,P,2025-04-23 09:51:20.681946,2025-04-23 09:51:32.020000,67.0688,67.98694439142328,11.338054
1596,TKR00,P,2025-04-23 09:51:20.681946,2025-04-23 09:51:32.560000,69.5363,70.42228121789638,11.878054
1596,MDNY00,P,2025-04-23 09:51:20.681946,2025-04-23 09:51:32.730000,70.5179,71.39170046057511,12.048054
1596,MADA00,P,2025-04-23 09:51:20.681946,2025-04-23 09:51:33.109900,72.5766,73.4259051139479,12.427954
1596,KLYT00,P,2025-04-23 09:51:20.681946,2025-04-23 09:51:33.289900,73.8835,74.71795130015599,12.607954
1596,KRTK01,P,2025-04-23 09:51:20.681946,2025-04-23 09:51:33.900000,78.9229,79.70460977040463,13.218054
1596,GEML00,P,2025-04-23 09:51:20.681946,2025-04-23 09:51:34.910000,85.2927,86.01654112746269,14.228054
1596,YLV00,P,2025-04-23 09:51:20.681946,2025-04-23 09:51:36.329900,92.6661,93.3327743263452,15.647954
1596,NMR600,P,2025-04-23 09:51:20.681946,2025-04-23 09:51:36.640000,92.2394,92.9091361847826,15.958054
1596,CMH00,P,2025-04-23 09:51:20.681946,2025-04-23 09:51:38.000000,98.4283,99.05620079092716,17.318054
1596,ELBA00,S,2025-04-23 09:51:20.681946,2025-04-23 09:51:30.910000,33.6096,35.406297270435964,10.228054
1596,BOTS00,S,2025-04-23 09:51:20.681946,2025-04-23 09:51:31.809900,33.9527,35.73214955096434,11.127954
1596,CTKS00,S,2025-04-23 09:51:20.681946,2025-04-23 09:51:33.869900,45.0168,46.37362349959815,13.187954
1596,BIRL00,S,2025-04-23 09:51:20.681946,2025-04-23 09:51:34.220000,43.9923,45.379765683975066,13.538054
1596,SLVT00,S,2025-04-23 09:51:20.681946,2025-04-23 09:51:34.660000,43.26,44.67021685913871,13.978054
1596,BGKT00,S,2025-04-23 09:51:20.681946,2025-04-23 09:51:36.349900,51.5464,52.73549115351521,15.667954
1596,ARMT00,S,2025-04-23 09:51:20.681946,2025-04-23 09:51:37.369900,54.4349,55.56220848969632,16.687954
1596,ESEK01,S,2025-04-23 09:51:20.681946,2025-04-23 09:51:37.490000,56.7457,57.82797889199035,16.808054
1596,EYUP00,S,2025-04-23 09:51:20.681946,2025-04-23 09:51:37.690000,58.3478,59.400895945115856,17.008054
1596,KNAL00,S,2025-04-23 09:51:20.681946,2025-04-23 09:51:38.529900,59.7064,60.73594384878267,17.847954
1596,KAVV00,S,2025-04-23 09:51:20.681946,2025-04-23 09:51:40.100000,64.9641,65.91156926558858,19.418054
1596,TESV01,S,2025-04-23 09:51:20.681946,2025-04-23 09:51:40.230000,67.0688,67.98694439142328,19.548054
1596,MRTI00,S,2025-04-23 09:51:20.681946,2025-04-23 09:51:40.260000,65.2136,66.15749616787565,19.578054
1596,BUAD07,S,2025-04-23 09:51:20.681946,2025-04-23 09:51:40.560000,66.0025,66.93527231955123,19.878054
1596,TKR00,S,2025-04-23 09:51:20.681946,2025-04-23 09:51:41.650000,69.5363,70.42228121789638,20.968054
1596,MDNY00,S,2025-04-23 09:51:20.681946,2025-04-23 09:51:42.000000,70.5179,71.39170046057511,21.318054
1596,MADA00,S,2025-04-23 09:51:20.681946,2025-04-23 09:51:42.230000,72.5766,73.4259051139479,21.548054
1596,KLYT00,S,2025-04-23 09:51:20.681946,2025-04-23 09:51:42.660000,73.8835,74.71795130015599,21.978054
1596,KRTK01,S,2025-04-23 09:51:20.681946,2025-04-23 09:51:43.309900,78.9229,79.70460977040463,22.627954
1596,GEML00,S,2025-04-23 09:51:20.681946,2025-04-23 09:51:45.509900,85.2927,86.01654112746269,24.827954
1596,NMR600,S,2025-04-23 09:51:20.681946,2025-04-23 09:51:48.809900,92.2394,92.9091361847826,28.127954
1596,YLV00,S,2025-04-23 09:51:20.681946,2025-04-23 09:51:49.309900,92.6661,93.3327743263452,28.627954
1596,CMH00,S,2025-04-23 09:51:20.681946,2025-04-23 09:51:50.300000,98.4283,99.05620079092716,29.618054
1597,ELBA00,P,2025-04-23 09:52:21.038949,2025-04-23 09:52:27.320000,34.8929,37.21927068974399,6.281051
1597,CTKS00,P,2025-04-23 09:52:21.038949,2025-04-23 09:52:28.660000,46.6259,48.39146816409311,7.621051
1597,SLVT00,P,2025-04-23 09:52:21.038949,2025-04-23 09:52:28.809900,42.1338,44.07966359565867,7.770951
1597,BIRL00,P,2025-04-23 09:52:21.038949,2025-04-23 09:52:29.840000,48.6172,50.312938456290105,8.801051
1597,BGKT00,P,2025-04-23 09:52:21.038949,2025-04-23 09:52:30.480000,54.9971,56.50168713123916,9.441051
1597,KNAL00,P,2025-04-23 09:52:21.038949,2025-04-23 09:52:32.009900,64.5619,65.84829968857537,10.970951
1597,TKR00,P,2025-04-23 09:52:21.038949,2025-04-23 09:52:32.240000,64.7409,66.02381216709949,11.201051
1597,KAVV00,P,2025-04-23 09:52:21.038949,2025-04-23 09:52:32.680000,69.4877,70.68451097345469,11.641051
1597,BUAD07,P,2025-04-23 09:52:21.038949,2025-04-23 09:52:33.040000,70.8962,72.0696247715113,12.001051
1597,MRTI00,P,2025-04-23 09:52:21.038949,2025-04-23 09:52:33.130000,70.107,71.29341546921732,12.091051
1597,TESV01,P,2025-04-23 09:52:21.038949,2025-04-23 09:52:33.210000,71.7145,72.87474974582373,12.171051
1597,KLYT00,P,2025-04-23 09:52:21.038949,2025-04-23 09:52:34.240000,77.7438,78.81534164556058,13.201051
1597,SATE00,P,2025-04-23 09:52:21.038949,2025-04-23 09:52:35.289900,86.3281,87.29433251864886,14.250951
1597,VIZE00,P,2025-04-23 09:52:21.038949,2025-04-23 09:52:35.860000,88.6641,89.60514644302768,14.821051
1597,GEML00,P,2025-04-23 09:52:21.038949,2025-04-23 09:52:35.950000,89.6356,90.56655247731602,14.911051
1597,YLV00,P,2025-04-23 09:52:21.038949,2025-04-23 09:52:37.609900,97.3345,98.19248713886635,16.570951
1597,CMH00,P,2025-04-23 09:52:21.038949,2025-04-23 09:52:38.069900,97.1138,97.97371989827904,17.030951
1597,ELBA00,S,2025-04-23 09:52:21.038949,2025-04-23 09:52:31.809900,34.8929,37.21927068974399,10.770951
1597,SLVT00,S,2025-04-23 09:52:21.038949,2025-04-23 09:52:34.049900,42.1338,44.07966359565867,13.010951
1597,CTKS00,S,2025-04-23 09:52:21.038949,2025-04-23 09:52:34.750000,46.6259,48.39146816409311,13.711051
1597,BIRL00,S,2025-04-23 09:52:21.038949,2025-04-23 09:52:36.220000,48.6172,50.312938456290105,15.181051
1597,BGKT00,S,2025-04-23 09:52:21.038949,2025-04-23 09:52:37.500000,54.9971,56.50168713123916,16.461051
1597,KNAL00,S,2025-04-23 09:52:21.038949,2025-04-23 09:52:40.529900,64.5619,65.84829968857537,19.490951
1597,TKR00,S,2025-04-23 09:52:21.038949,2025-04-23 09:52:40.940000,64.7409,66.02381216709949,19.901051
1597,BUAD07,S,2025-04-23 09:52:21.038949,2025-04-23 09:52:42.000000,70.8962,72.0696247715113,20.961051
1597,KAVV00,S,2025-04-23 09:52:21.038949,2025-04-23 09:52:42.130000,69.4877,70.68451097345469,21.091051
1597,TESV01,S,2025-04-23 09:52:21.038949,2025-04-23 09:52:42.200000,71.7145,72.87474974582373,21.161051
1597,MRTI00,S,2025-04-23 09:52:21.038949,2025-04-23 09:52:42.600000,70.107,71.29341546921732,21.561051
1597,KLYT00,S,2025-04-23 09:52:21.038949,2025-04-23 09:52:44.160000,77.7438,78.81534164556058,23.121051
1597,SATE00,S,2025-04-23 09:52:21.038949,2025-04-23 09:52:47.080000,86.3281,87.29433251864886,26.041051
1597,GEML00,S,2025-04-23 09:52:21.038949,2025-04-23 09:52:47.569900,89.6356,90.56655247731602,26.530951
1597,VIZE00,S,2025-04-23 09:52:21.038949,2025-04-23 09:52:48.520000,88.6641,89.60514644302768,27.481051
1597,CMH00,S,2025-04-23 09:52:21.038949,2025-04-23 09:52:50.190000,97.1138,97.97371989827904,29.151051
1597,YLV00,S,2025-04-23 09:52:21.038949,2025-04-23 09:52:50.750000,97.3345,98.19248713886635,29.711051
1605,ELBA00,P,2025-04-23 09:59:30.570607,2025-04-23 09:59:36.940000,35.5402,37.69428623916447,6.369393
1605,BOTS00,P,2025-04-23 09:59:30.570607,2025-04-23 09:59:37.049900,34.8959,37.087426924094686,6.479293
1605,CTKS00,P,2025-04-23 09:59:30.570607,2025-04-23 09:59:38.680000,46.9016,48.55423237576786,8.109393
1605,BGKT00,P,2025-04-23 09:59:30.570607,2025-04-23 09:59:39.730000,52.9697,54.43842867984035,9.159393
1605,ARMT00,P,2025-04-23 09:59:30.570607,2025-04-23 09:59:39.950000,53.3183,54.7776826265046,9.379393
1605,CATL00,P,2025-04-23 09:59:30.570607,2025-04-23 09:59:40.180000,56.2603,57.645249198264935,9.609393
1605,EYUP00,P,2025-04-23 09:59:30.570607,2025-04-23 09:59:40.320000,59.3763,60.69018372628364,9.749393
1605,KNAL00,P,2025-04-23 09:59:30.570607,2025-04-23 09:59:40.869900,59.9352,61.23709331834802,10.299293
1605,KCTX00,P,2025-04-23 09:59:30.570607,2025-04-23 09:59:41.170000,63.4692,64.7000212340001,10.599393
1605,KAVV00,P,2025-04-23 09:59:30.570607,2025-04-23 09:59:41.589900,65.7128,66.90235782750908,11.019293
1605,EDC00,P,2025-04-23 09:59:30.570607,2025-04-23 09:59:41.609900,67.6391,68.79535774927015,11.039293
1605,MRTI00,P,2025-04-23 09:59:30.570607,2025-04-23 09:59:41.680000,65.142,66.34179348676115,11.109393
1605,BUAD07,P,2025-04-23 09:59:30.570607,2025-04-23 09:59:41.769900,66.0006,67.18506232340687,11.199293
1605,TESV01,P,2025-04-23 09:59:30.570607,2025-04-23 09:59:41.890000,66.3915,67.56911033371732,11.319393
1605,MADA00,P,2025-04-23 09:59:30.570607,2025-04-23 09:59:42.260000,71.813,72.90308887859324,11.689393
1605,MDNY00,P,2025-04-23 09:59:30.570607,2025-04-23 09:59:42.450000,69.0345,70.16776745265638,11.879393
1605,CTYL00,P,2025-04-23 09:59:30.570607,2025-04-23 09:59:42.620000,71.3981,72.49442794208439,12.049393
1605,TKR00,P,2025-04-23 09:59:30.570607,2025-04-23 09:59:42.880000,70.0064,71.12418322905413,12.309393
1605,KLYT00,P,2025-04-23 09:59:30.570607,2025-04-23 09:59:43.349900,75.0979,76.14097440570394,12.779293
1605,KRTK01,P,2025-04-23 09:59:30.570607,2025-04-23 09:59:43.670000,78.2248,79.22671729965886,13.099393
1605,SATE00,P,2025-04-23 09:59:30.570607,2025-04-23 09:59:44.109900,82.0519,83.0076363514229,13.539293
1605,GEML00,P,2025-04-23 09:59:30.570607,2025-04-23 09:59:44.700000,84.3198,85.25011478631606,14.129393
1605,YLV00,P,2025-04-23 09:59:30.570607,2025-04-23 09:59:45.970000,92.0163,92.86954756393544,15.399393
1605,VIZE00,P,2025-04-23 09:59:30.570607,2025-04-23 09:59:46.210000,92.7055,93.55246190929486,15.639393
1605,NMR600,P,2025-04-23 09:59:30.570607,2025-04-23 09:59:46.280000,91.9204,92.77452956065078,15.709393
1605,ELBA00,S,2025-04-23 09:59:30.570607,2025-04-23 09:59:41.490000,35.5402,37.69428623916447,10.919393
1605,BOTS00,S,2025-04-23 09:59:30.570607,2025-04-23 09:59:42.020000,34.8959,37.087426924094686,11.449393
1605,CTKS00,S,2025-04-23 09:59:30.570607,2025-04-23 09:59:44.340000,46.9016,48.55423237576786,13.769393
1605,BGKT00,S,2025-04-23 09:59:30.570607,2025-04-23 09:59:46.360000,52.9697,54.43842867984035,15.789393
1605,ARMT00,S,2025-04-23 09:59:30.570607,2025-04-23 09:59:46.860000,53.3183,54.7776826265046,16.289393
1605,CATL00,S,2025-04-23 09:59:30.570607,2025-04-23 09:59:46.970000,56.2603,57.645249198264935,16.399393
1605,EYUP00,S,2025-04-23 09:59:30.570607,2025-04-23 09:59:47.820000,59.3763,60.69018372628364,17.249393
1605,KNAL00,S,2025-04-23 09:59:30.570607,2025-04-23 09:59:48.600000,59.9352,61.23709331834802,18.029393
1605,KCTX00,S,2025-04-23 09:59:30.570607,2025-04-23 09:59:49.140000,63.4692,64.7000212340001,18.569393
1605,KAVV00,S,2025-04-23 09:59:30.570607,2025-04-23 09:59:49.840000,65.7128,66.90235782750908,19.269393
1605,EDC00,S,2025-04-23 09:59:30.570607,2025-04-23 09:59:50.029900,67.6391,68.79535774927015,19.459293
1605,TESV01,S,2025-04-23 09:59:30.570607,2025-04-23 09:59:50.120000,66.3915,67.56911033371732,19.549393
1605,MDNY00,S,2025-04-23 09:59:30.570607,2025-04-23 09:59:50.130000,69.0345,70.16776745265638,19.559393
1605,MRTI00,S,2025-04-23 09:59:30.570607,2025-04-23 09:59:50.150000,65.142,66.34179348676115,19.579393
1605,BUAD07,S,2025-04-23 09:59:30.570607,2025-04-23 09:59:50.309900,66.0006,67.18506232340687,19.739293
1605,CTYL00,S,2025-04-23 09:59:30.570607,2025-04-23 09:59:51.180000,71.3981,72.49442794208439,20.609393
1605,MADA00,S,2025-04-23 09:59:30.570607,2025-04-23 09:59:51.380000,71.813,72.90308887859324,20.809393
1605,TKR00,S,2025-04-23 09:59:30.570607,2025-04-23 09:59:51.700000,70.0064,71.12418322905413,21.129393
1605,KLYT00,S,2025-04-23 09:59:30.570607,2025-04-23 09:59:52.820000,75.0979,76.14097440570394,22.249393
1605,KRTK01,S,2025-04-23 09:59:30.570607,2025-04-23 09:59:53.320000,78.2248,79.22671729965886,22.749393
1605,SATE00,S,2025-04-23 09:59:30.570607,2025-04-23 09:59:54.420000,82.0519,83.0076363514229,23.849393
1605,GEML00,S,2025-04-23 09:59:30.570607,2025-04-23 09:59:55.140000,84.3198,85.25011478631606,24.569393
1605,VIZE00,S,2025-04-23 09:59:30.570607,2025-04-23 09:59:57.320000,92.7055,93.55246190929486,26.749393
1605,YLV00,S,2025-04-23 09:59:30.570607,2025-04-23 09:59:57.900000,92.0163,92.86954756393544,27.329393
1605,NMR600,S,2025-04-23 09:59:30.570607,2025-04-23 09:59:58.230000,91.9204,92.77452956065078,27.659393
1606,ELBA00,P,2025-04-23 10:01:03.374098,2025-04-23 10:01:09.320000,33.2626,35.290989911198025,5.945902
1606,CTKS00,P,2025-04-23 10:01:03.374098,2025-04-23 10:01:11.040000,44.4743,46.0110505274796,7.665902
1606,T59000,P,2025-04-23 10:01:03.374098,2025-04-23 10:01:11.809900,51.8638,53.18747183869788,8.435802
1606,BGKT00,P,2025-04-23 10:01:03.374098,2025-04-23 10:01:12.000000,50.1535,51.52113131912265,8.625902
1606,ARMT00,P,2025-04-23 10:01:03.374098,2025-04-23 10:01:12.620000,52.7217,54.02435618350561,9.245902
1606,CATL00,P,2025-04-23 10:01:03.374098,2025-04-23 10:01:12.620000,54.3304,55.59537547595376,9.245902
1606,EYUP00,P,2025-04-23 10:01:03.374098,2025-04-23 10:01:12.650000,56.6045,57.819744295545625,9.275902
1606,ESEK01,P,2025-04-23 10:01:03.374098,2025-04-23 10:01:13.089900,54.9294,56.180889940550784,9.715802
1606,KNAL00,P,2025-04-23 10:01:03.374098,2025-04-23 10:01:13.210000,57.6528,58.8463997028899,9.835902
1606,ISK00,P,2025-04-23 10:01:03.374098,2025-04-23 10:01:13.970000,62.907,64.00268790568315,10.595902
1606,MRTI00,P,2025-04-23 10:01:03.374098,2025-04-23 10:01:14.200000,63.1429,64.23456414238584,10.825902
1606,BUAD07,P,2025-04-23 10:01:03.374098,2025-04-23 10:01:14.240000,63.9314,65.0098247660481,10.865902
1606,TESV01,P,2025-04-23 10:01:03.374098,2025-04-23 10:01:14.700000,65.116,66.17512271354153,11.325902
1606,EDC00,P,2025-04-23 10:01:03.374098,2025-04-23 10:01:14.900000,70.4197,71.40019298462913,11.525902
1606,CTYL00,P,2025-04-23 10:01:03.374098,2025-04-23 10:01:15.080000,69.6385,70.62983854152776,11.705902
1606,MDNY00,P,2025-04-23 10:01:03.374098,2025-04-23 10:01:15.150000,69.1344,70.13286443253463,11.775902
1606,KLYT00,P,2025-04-23 10:01:03.374098,2025-04-23 10:01:15.650000,72.2833,73.23884808653315,12.275902
1606,MADA00,P,2025-04-23 10:01:03.374098,2025-04-23 10:01:15.950000,74.458,75.38598791653712,12.575902
1606,SATE00,P,2025-04-23 10:01:03.374098,2025-04-23 10:01:16.450000,79.5834,80.45228999669482,13.075902
1606,KRTK01,P,2025-04-23 10:01:03.374098,2025-04-23 10:01:16.600000,76.9759,77.8738890191204,13.225902
1606,NMR200,P,2025-04-23 10:01:03.374098,2025-04-23 10:01:18.470000,90.1029,90.8712605754002,15.095902
1606,VIZE00,P,2025-04-23 10:01:03.374098,2025-04-23 10:01:18.780000,91.9629,92.71584754809872,15.405902
1606,YLV00,P,2025-04-23 10:01:03.374098,2025-04-23 10:01:18.869900,90.6997,91.46304712965932,15.495802
1606,ELBA00,S,2025-04-23 10:01:03.374098,2025-04-23 10:01:13.630000,33.2626,35.290989911198025,10.255902
1606,CTKS00,S,2025-04-23 10:01:03.374098,2025-04-23 10:01:16.690000,44.4743,46.0110505274796,13.315902
1606,T59000,S,2025-04-23 10:01:03.374098,2025-04-23 10:01:18.100000,51.8638,53.18747183869788,14.725902
1606,BGKT00,S,2025-04-23 10:01:03.374098,2025-04-23 10:01:18.329900,50.1535,51.52113131912265,14.955802
1606,ESEK01,S,2025-04-23 10:01:03.374098,2025-04-23 10:01:19.540000,54.9294,56.180889940550784,16.165902
1606,ARMT00,S,2025-04-23 10:01:03.374098,2025-04-23 10:01:19.780000,52.7217,54.02435618350561,16.405902
1606,CATL00,S,2025-04-23 10:01:03.374098,2025-04-23 10:01:19.920000,54.3304,55.59537547595376,16.545902
1606,EYUP00,S,2025-04-23 10:01:03.374098,2025-04-23 10:01:19.960000,56.6045,57.819744295545625,16.585902
1606,KNAL00,S,2025-04-23 10:01:03.374098,2025-04-23 10:01:20.730000,57.6528,58.8463997028899,17.355902
1606,ISK00,S,2025-04-23 10:01:03.374098,2025-04-23 10:01:21.829900,62.907,64.00268790568315,18.455802
1606,TESV01,S,2025-04-23 10:01:03.374098,2025-04-23 10:01:22.460000,65.116,66.17512271354153,19.085902
1606,MRTI00,S,2025-04-23 10:01:03.374098,2025-04-23 10:01:22.630000,63.1429,64.23456414238584,19.255902
1606,BUAD07,S,2025-04-23 10:01:03.374098,2025-04-23 10:01:22.980000,63.9314,65.0098247660481,19.605902
1606,CTYL00,S,2025-04-23 10:01:03.374098,2025-04-23 10:01:23.800000,69.6385,70.62983854152776,20.425902
1606,EDC00,S,2025-04-23 10:01:03.374098,2025-04-23 10:01:23.840000,70.4197,71.40019298462913,20.465902
1606,MDNY00,S,2025-04-23 10:01:03.374098,2025-04-23 10:01:24.029900,69.1344,70.13286443253463,20.655802
1606,KLYT00,S,2025-04-23 10:01:03.374098,2025-04-23 10:01:24.890000,72.2833,73.23884808653315,21.515902
1606,MADA00,S,2025-04-23 10:01:03.374098,2025-04-23 10:01:25.020000,74.458,75.38598791653712,21.645902
1606,KRTK01,S,2025-04-23 10:01:03.374098,2025-04-23 10:01:25.950000,76.9759,77.8738890191204,22.575902
1606,SATE00,S,2025-04-23 10:01:03.374098,2025-04-23 10:01:26.369900,79.5834,80.45228999669482,22.995802
1606,NMR200,S,2025-04-23 10:01:03.374098,2025-04-23 10:01:29.860000,90.1029,90.8712605754002,26.485902
1606,VIZE00,S,2025-04-23 10:01:03.374098,2025-04-23 10:01:30.100000,91.9629,92.71584754809872,26.725902
1606,YLV00,S,2025-04-23 10:01:03.374098,2025-04-23 10:01:30.609900,90.6997,91.46304712965932,27.235802
1607,ELBA00,P,2025-04-23 10:02:10.868214,2025-04-23 10:02:16.769900,31.9959,33.35620648052834,5.901686
1607,CTKS00,P,2025-04-23 10:02:10.868214,2025-04-23 10:02:18.340000,42.5386,43.57099245968172,7.471786
1607,BGKT00,P,2025-04-23 10:02:10.868214,2025-04-23 10:02:19.020000,45.9867,46.94332189834504,8.151786
1607,EYUP00,P,2025-04-23 10:02:10.868214,2025-04-23 10:02:19.230000,51.6042,52.458482170204285,8.361786
1607,ARMT00,P,2025-04-23 10:02:10.868214,2025-04-23 10:02:19.500000,48.9903,49.889361471676914,8.631786
1607,KNAL00,P,2025-04-23 10:02:10.868214,2025-04-23 10:02:19.780000,52.1715,53.01664178549638,8.911786
1607,CATL00,P,2025-04-23 10:02:10.868214,2025-04-23 10:02:19.780000,53.8725,54.691362665521886,8.911786
1607,ESEK01,P,2025-04-23 10:02:10.868214,2025-04-23 10:02:19.860000,50.8054,51.67289002099303,8.991786
1607,T59000,P,2025-04-23 10:02:10.868214,2025-04-23 10:02:20.170000,56.0393,56.82694817119463,9.301786
1607,KAVV00,P,2025-04-23 10:02:10.868214,2025-04-23 10:02:20.490000,57.7475,58.51215814009633,9.621786
1607,MRTI00,P,2025-04-23 10:02:10.868214,2025-04-23 10:02:20.780000,57.7752,58.539496316603554,9.911786
1607,BUAD07,P,2025-04-23 10:02:10.868214,2025-04-23 10:02:20.789900,58.524,59.27864261234093,9.921686
1607,TESV01,P,2025-04-23 10:02:10.868214,2025-04-23 10:02:21.329900,60.4199,61.15115052042472,10.461686
1607,MDNY00,P,2025-04-23 10:02:10.868214,2025-04-23 10:02:22.249900,66.4602,67.12568121070832,11.381686
1607,KLYT00,P,2025-04-23 10:02:10.868214,2025-04-23 10:02:22.289900,67.5783,68.23287715501701,11.421686
1607,CTYL00,P,2025-04-23 10:02:10.868214,2025-04-23 10:02:22.300000,69.5405,70.17677702923982,11.431786
1607,SATE00,P,2025-04-23 10:02:10.868214,2025-04-23 10:02:23.029900,74.1174,74.71470990856915,12.161686
1607,KRTK01,P,2025-04-23 10:02:10.868214,2025-04-23 10:02:23.080000,72.2922,72.90446539685783,12.211786
1607,EDC00,P,2025-04-23 10:02:10.868214,2025-04-23 10:02:23.109900,74.4559,75.05051591276133,12.241686
1607,GEML00,P,2025-04-23 10:02:10.868214,2025-04-23 10:02:24.170000,79.2982,79.85676813646818,13.301786
1607,MADA00,P,2025-04-23 10:02:10.868214,2025-04-23 10:02:24.540000,79.7868,80.3419712740585,13.671786
1607,YLV00,P,2025-04-23 10:02:10.868214,2025-04-23 10:02:25.249900,85.9232,86.43896801906904,14.381686
1607,VIZE00,P,2025-04-23 10:02:10.868214,2025-04-23 10:02:26.280000,93.978,94.44979289528187,15.411786
1607,NMR200,P,2025-04-23 10:02:10.868214,2025-04-23 10:02:27.100000,95.5896,96.0534774077526,16.231786
1607,ELBA00,S,2025-04-23 10:02:10.868214,2025-04-23 10:02:20.940000,31.9959,33.35620648052834,10.071786
1607,CTKS00,S,2025-04-23 10:02:10.868214,2025-04-23 10:02:23.549900,42.5386,43.57099245968172,12.681686
1607,BGKT00,S,2025-04-23 10:02:10.868214,2025-04-23 10:02:25.100000,45.9867,46.94332189834504,14.231786
1607,ARMT00,S,2025-04-23 10:02:10.868214,2025-04-23 10:02:25.930000,48.9903,49.889361471676914,15.061786
1607,EYUP00,S,2025-04-23 10:02:10.868214,2025-04-23 10:02:26.289900,51.6042,52.458482170204285,15.421686
1607,ESEK01,S,2025-04-23 10:02:10.868214,2025-04-23 10:02:26.569900,50.8054,51.67289002099303,15.701686
1607,KNAL00,S,2025-04-23 10:02:10.868214,2025-04-23 10:02:26.840000,52.1715,53.01664178549638,15.971786
1607,CATL00,S,2025-04-23 10:02:10.868214,2025-04-23 10:02:27.150000,53.8725,54.691362665521886,16.281786
1607,T59000,S,2025-04-23 10:02:10.868214,2025-04-23 10:02:27.450000,56.0393,56.82694817119463,16.581786
1607,KAVV00,S,2025-04-23 10:02:10.868214,2025-04-23 10:02:28.120000,57.7475,58.51215814009633,17.251786
1607,BUAD07,S,2025-04-23 10:02:10.868214,2025-04-23 10:02:28.500000,58.524,59.27864261234093,17.631785999999998
1607,MRTI00,S,2025-04-23 10:02:10.868214,2025-04-23 10:02:28.549900,57.7752,58.539496316603554,17.681686
1607,TESV01,S,2025-04-23 10:02:10.868214,2025-04-23 10:02:28.940000,60.4199,61.15115052042472,18.071786
1607,MDNY00,S,2025-04-23 10:02:10.868214,2025-04-23 10:02:30.930000,66.4602,67.12568121070832,20.061786
1607,CTYL00,S,2025-04-23 10:02:10.868214,2025-04-23 10:02:31.220000,69.5405,70.17677702923982,20.351786
1607,KLYT00,S,2025-04-23 10:02:10.868214,2025-04-23 10:02:31.249900,67.5783,68.23287715501701,20.381686
1607,KRTK01,S,2025-04-23 10:02:10.868214,2025-04-23 10:02:32.109900,72.2922,72.90446539685783,21.241686
1607,SATE00,S,2025-04-23 10:02:10.868214,2025-04-23 10:02:32.490000,74.1174,74.71470990856915,21.621786
1607,EDC00,S,2025-04-23 10:02:10.868214,2025-04-23 10:02:32.730000,74.4559,75.05051591276133,21.861786
1607,GEML00,S,2025-04-23 10:02:10.868214,2025-04-23 10:02:34.040000,79.2982,79.85676813646818,23.171786
1607,MADA00,S,2025-04-23 10:02:10.868214,2025-04-23 10:02:34.220000,79.7868,80.3419712740585,23.351786
1607,YLV00,S,2025-04-23 10:02:10.868214,2025-04-23 10:02:37.180000,85.9232,86.43896801906904,26.311786
1607,VIZE00,S,2025-04-23 10:02:10.868214,2025-04-23 10:02:38.160000,93.978,94.44979289528187,27.291786
1607,NMR200,S,2025-04-23 10:02:10.868214,2025-04-23 10:02:39.410000,95.5896,96.0534774077526,28.541786
1608,ELBA00,P,2025-04-23 10:02:33.559401,2025-04-23 10:02:39.569900,32.2926,34.40094660618513,6.010499
1608,CTKS00,P,2025-04-23 10:02:33.559401,2025-04-23 10:02:41.240000,43.0157,44.62021469167983,7.680599
1608,BGKT00,P,2025-04-23 10:02:33.559401,2025-04-23 10:02:41.650000,47.0024,48.47513505294854,8.090599
1608,EYUP00,P,2025-04-23 10:02:33.559401,2025-04-23 10:02:42.210000,52.8147,54.129526588836896,8.650599
1608,ARMT00,P,2025-04-23 10:02:33.559401,2025-04-23 10:02:42.230000,49.7885,51.18112781965243,8.670599
1608,T59000,P,2025-04-23 10:02:33.559401,2025-04-23 10:02:42.509900,54.9785,56.242764644810975,8.950499
1608,KNAL00,P,2025-04-23 10:02:33.559401,2025-04-23 10:02:42.690000,53.4684,54.76753519377698,9.130599
1608,CATL00,P,2025-04-23 10:02:33.559401,2025-04-23 10:02:42.690000,54.0084,55.29484951784931,9.130599
1608,ESEK01,P,2025-04-23 10:02:33.559401,2025-04-23 10:02:42.800000,51.709,53.051237437420816,9.240599
1608,ISK00,P,2025-04-23 10:02:33.559401,2025-04-23 10:02:43.420000,58.8653,60.04778644322869,9.860599
1608,MRTI00,P,2025-04-23 10:02:33.559401,2025-04-23 10:02:43.730000,59.0305,60.20974209288394,10.170599
1608,BUAD07,P,2025-04-23 10:02:33.559401,2025-04-23 10:02:43.730000,59.7924,60.95690453428225,10.170599
1608,TESV01,P,2025-04-23 10:02:33.559401,2025-04-23 10:02:44.120000,61.4816,62.61469676682624,10.560599
1608,KLYT00,P,2025-04-23 10:02:33.559401,2025-04-23 10:02:45.300000,68.7248,69.74031293076911,11.740599
1608,CTYL00,P,2025-04-23 10:02:33.559401,2025-04-23 10:02:45.440000,69.602,70.60489725678808,11.880599
1608,EDC00,P,2025-04-23 10:02:33.559401,2025-04-23 10:02:45.609900,73.4295,74.38080789351243,12.050499
1608,SATE00,P,2025-04-23 10:02:33.559401,2025-04-23 10:02:46.049900,75.4211,76.34759614979112,12.490499
1608,KRTK01,P,2025-04-23 10:02:33.559401,2025-04-23 10:02:46.069900,73.3526,74.30489243247446,12.510499
1608,TKR00,P,2025-04-23 10:02:33.559401,2025-04-23 10:02:46.660000,75.5146,76.43996288461685,13.100599
1608,GEML00,P,2025-04-23 10:02:33.559401,2025-04-23 10:02:47.109900,80.2246,81.09623639726816,13.550499
1608,MADA00,P,2025-04-23 10:02:33.559401,2025-04-23 10:02:47.120000,78.5023,79.39284739780783,13.560599
1608,VIZE00,P,2025-04-23 10:02:33.559401,2025-04-23 10:02:48.930000,93.5462,94.29477529047723,15.370599
1608,NMR200,P,2025-04-23 10:02:33.559401,2025-04-23 10:02:49.460000,94.2868,95.02954154830802,15.900599
1608,ELBA00,S,2025-04-23 10:02:33.559401,2025-04-23 10:02:43.360000,32.2926,34.40094660618513,9.800599
1608,CTKS00,S,2025-04-23 10:02:33.559401,2025-04-23 10:02:46.200000,43.0157,44.62021469167983,12.640599
1608,BGKT00,S,2025-04-23 10:02:33.559401,2025-04-23 10:02:47.600000,47.0024,48.47513505294854,14.040599
1608,ARMT00,S,2025-04-23 10:02:33.559401,2025-04-23 10:02:48.400000,49.7885,51.18112781965243,14.840599
1608,ESEK01,S,2025-04-23 10:02:33.559401,2025-04-23 10:02:49.020000,51.709,53.051237437420816,15.460599
1608,EYUP00,S,2025-04-23 10:02:33.559401,2025-04-23 10:02:49.069900,52.8147,54.129526588836896,15.510499
1608,CATL00,S,2025-04-23 10:02:33.559401,2025-04-23 10:02:49.120000,54.0084,55.29484951784931,15.560599
1608,T59000,S,2025-04-23 10:02:33.559401,2025-04-23 10:02:49.190000,54.9785,56.242764644810975,15.630599
1608,KNAL00,S,2025-04-23 10:02:33.559401,2025-04-23 10:02:49.840000,53.4684,54.76753519377698,16.280599
1608,ISK00,S,2025-04-23 10:02:33.559401,2025-04-23 10:02:50.980000,58.8653,60.04778644322869,17.420599
1608,MRTI00,S,2025-04-23 10:02:33.559401,2025-04-23 10:02:51.500000,59.0305,60.20974209288394,17.940599
1608,BUAD07,S,2025-04-23 10:02:33.559401,2025-04-23 10:02:51.609900,59.7924,60.95690453428225,18.050499
1608,TESV01,S,2025-04-23 10:02:33.559401,2025-04-23 10:02:51.630000,61.4816,62.61469676682624,18.070599
1608,CTYL00,S,2025-04-23 10:02:33.559401,2025-04-23 10:02:53.630000,69.602,70.60489725678808,20.070599
1608,KLYT00,S,2025-04-23 10:02:33.559401,2025-04-23 10:02:54.100000,68.7248,69.74031293076911,20.540599
1608,EDC00,S,2025-04-23 10:02:33.559401,2025-04-23 10:02:54.670000,73.4295,74.38080789351243,21.110599
1608,KRTK01,S,2025-04-23 10:02:33.559401,2025-04-23 10:02:54.900000,73.3526,74.30489243247446,21.340599
1608,SATE00,S,2025-04-23 10:02:33.559401,2025-04-23 10:02:55.640000,75.4211,76.34759614979112,22.080599
1608,TKR00,S,2025-04-23 10:02:33.559401,2025-04-23 10:02:56.230000,75.5146,76.43996288461685,22.670599
1608,MADA00,S,2025-04-23 10:02:33.559401,2025-04-23 10:02:56.380000,78.5023,79.39284739780783,22.820599
1608,GEML00,S,2025-04-23 10:02:33.559401,2025-04-23 10:02:56.620000,80.2246,81.09623639726816,23.060599
1608,VIZE00,S,2025-04-23 10:02:33.559401,2025-04-23 10:03:00.210000,93.5462,94.29477529047723,26.650599
1608,NMR200,S,2025-04-23 10:02:33.559401,2025-04-23 10:03:01.280000,94.2868,95.02954154830802,27.720599
1692,ELBA00,P,2025-04-23 10:46:14.191095,2025-04-23 10:46:20.390000,34.8053,35.76144899225584,6.198905
1692,CTKS00,P,2025-04-23 10:46:14.191095,2025-04-23 10:46:21.910000,46.6118,47.330035127556336,7.718905
1692,CATL00,P,2025-04-23 10:46:14.191095,2025-04-23 10:46:23.509900,53.9677,54.58923858441072,9.318805
1692,BGKT00,P,2025-04-23 10:46:14.191095,2025-04-23 10:46:23.680000,55.65,56.25295393075563,9.488905
1692,EYUP00,P,2025-04-23 10:46:14.191095,2025-04-23 10:46:24.630000,63.5119,64.04087575561186,10.438905
1692,ARMT00,P,2025-04-23 10:46:14.191095,2025-04-23 10:46:24.660000,60.1834,60.74136944040458,10.468905
1692,TKR00,P,2025-04-23 10:46:14.191095,2025-04-23 10:46:25.140000,63.162,63.69388173078884,10.948905
1692,KNAL00,P,2025-04-23 10:46:14.191095,2025-04-23 10:46:25.380000,65.9564,66.46592380231931,11.188905
1692,ISK00,P,2025-04-23 10:46:14.191095,2025-04-23 10:46:25.950000,70.4887,70.9656899749852,11.758905
1692,MRTI00,P,2025-04-23 10:46:14.191095,2025-04-23 10:46:26.360000,71.5994,72.06903916589783,12.168905
1692,MADA00,P,2025-04-23 10:46:14.191095,2025-04-23 10:46:26.400000,67.1687,67.66909623768974,12.208905
1692,BUAD07,P,2025-04-23 10:46:14.191095,2025-04-23 10:46:26.480000,72.3679,72.83258389172882,12.288905
1692,TESV01,P,2025-04-23 10:46:14.191095,2025-04-23 10:46:26.800000,73.319,73.77769369488122,12.608905
1692,MDNY00,P,2025-04-23 10:46:14.191095,2025-04-23 10:46:27.190000,75.4344,75.88030725620261,12.998905
1692,KLYT00,P,2025-04-23 10:46:14.191095,2025-04-23 10:46:27.580000,78.5538,78.98209810061844,13.388905
1692,NMR400,P,2025-04-23 10:46:14.191095,2025-04-23 10:46:28.040000,81.7583,82.16989682861794,13.848905
1692,SATE00,P,2025-04-23 10:46:14.191095,2025-04-23 10:46:28.630000,87.6133,87.99751509460773,14.438905
1692,KRTK01,P,2025-04-23 10:46:14.191095,2025-04-23 10:46:28.700000,85.1584,85.55364058002276,14.508905
1692,GEML00,P,2025-04-23 10:46:14.191095,2025-04-23 10:46:29.490000,91.2458,91.61478234202008,15.298905
1692,KRBG00,P,2025-04-23 10:46:14.191095,2025-04-23 10:46:30.360000,96.8625,97.2101652718774,16.168905
1692,YLV00,P,2025-04-23 10:46:14.191095,2025-04-23 10:46:31.309900,98.9369,99.27730106900428,17.118805
1692,ELBA00,S,2025-04-23 10:46:14.191095,2025-04-23 10:46:25.180000,34.8053,35.76144899225584,10.988905
1692,CTKS00,S,2025-04-23 10:46:14.191095,2025-04-23 10:46:28.120000,46.6118,47.330035127556336,13.928905
1692,CATL00,S,2025-04-23 10:46:14.191095,2025-04-23 10:46:30.190000,53.9677,54.58923858441072,15.998905
1692,BGKT00,S,2025-04-23 10:46:14.191095,2025-04-23 10:46:30.970000,55.65,56.25295393075563,16.778905
1692,ARMT00,S,2025-04-23 10:46:14.191095,2025-04-23 10:46:32.829900,60.1834,60.74136944040458,18.638805
1692,EYUP00,S,2025-04-23 10:46:14.191095,2025-04-23 10:46:33.069900,63.5119,64.04087575561186,18.878805
1692,TKR00,S,2025-04-23 10:46:14.191095,2025-04-23 10:46:33.940000,63.162,63.69388173078884,19.748905
1692,KNAL00,S,2025-04-23 10:46:14.191095,2025-04-23 10:46:34.130000,65.9564,66.46592380231931,19.938905
1692,MADA00,S,2025-04-23 10:46:14.191095,2025-04-23 10:46:34.609900,67.1687,67.66909623768974,20.418805
1692,ISK00,S,2025-04-23 10:46:14.191095,2025-04-23 10:46:35.230000,70.4887,70.9656899749852,21.038905
1692,MRTI00,S,2025-04-23 10:46:14.191095,2025-04-23 10:46:35.750000,71.5994,72.06903916589783,21.558905
1692,TESV01,S,2025-04-23 10:46:14.191095,2025-04-23 10:46:36.130000,73.319,73.77769369488122,21.938905
1692,BUAD07,S,2025-04-23 10:46:14.191095,2025-04-23 10:46:36.309900,72.3679,72.83258389172882,22.118805
1692,MDNY00,S,2025-04-23 10:46:14.191095,2025-04-23 10:46:36.789900,75.4344,75.88030725620261,22.598805
1692,KLYT00,S,2025-04-23 10:46:14.191095,2025-04-23 10:46:37.930000,78.5538,78.98209810061844,23.738905
1692,KRTK01,S,2025-04-23 10:46:14.191095,2025-04-23 10:46:39.480000,85.1584,85.55364058002276,25.288905
1692,NMR400,S,2025-04-23 10:46:14.191095,2025-04-23 10:46:39.569900,81.7583,82.16989682861794,25.378805
1692,SATE00,S,2025-04-23 10:46:14.191095,2025-04-23 10:46:39.769900,87.6133,87.99751509460773,25.578805
1692,GEML00,S,2025-04-23 10:46:14.191095,2025-04-23 10:46:40.910000,91.2458,91.61478234202008,26.718905
1692,YLV00,S,2025-04-23 10:46:14.191095,2025-04-23 10:46:43.340000,98.9369,99.27730106900428,29.148905
1692,KRBG00,S,2025-04-23 10:46:14.191095,2025-04-23 10:46:43.720000,96.8625,97.2101652718774,29.528905
1758,ELBA00,P,2025-04-23 11:21:40.641416,2025-04-23 11:21:46.509900,32.2109,34.291056569149696,5.8684840000000005
1758,CTKS00,P,2025-04-23 11:21:40.641416,2025-04-23 11:21:48.200000,43.1206,44.69586811080666,7.558584
1758,BGKT00,P,2025-04-23 11:21:40.641416,2025-04-23 11:21:48.960000,47.7708,49.19739641951213,8.318584
1758,T59000,P,2025-04-23 11:21:40.641416,2025-04-23 11:21:49.430000,54.1885,55.45023006326144,8.788584
1758,ARMT00,P,2025-04-23 11:21:40.641416,2025-04-23 11:21:49.509900,50.9649,52.30445022967572,8.868484
1758,EYUP00,P,2025-04-23 11:21:40.641416,2025-04-23 11:21:49.549900,53.8818,55.15054716916799,8.908484
1758,CATL00,P,2025-04-23 11:21:40.641416,2025-04-23 11:21:49.829900,53.7312,55.00342112322309,9.188484
1758,ESEK01,P,2025-04-23 11:21:40.641416,2025-04-23 11:21:49.930000,52.9564,54.24679513831784,9.288584
1758,KNAL00,P,2025-04-23 11:21:40.641416,2025-04-23 11:21:50.100000,54.8272,56.07456055698184,9.458584
1758,BAND00,P,2025-04-23 11:21:40.641416,2025-04-23 11:21:50.660000,61.2655,62.38426061170096,10.018584
1758,KAVV00,P,2025-04-23 11:21:40.641416,2025-04-23 11:21:50.820000,60.2335,61.37107628246896,10.178584
1758,MRTI00,P,2025-04-23 11:21:40.641416,2025-04-23 11:21:51.100000,60.4211,61.55520942234398,10.458584
1758,BUAD07,P,2025-04-23 11:21:40.641416,2025-04-23 11:21:51.170000,61.1789,62.2992157818108,10.528584
1758,TESV01,P,2025-04-23 11:21:40.641416,2025-04-23 11:21:51.380000,62.8197,63.911260274763976,10.738584
1758,KCTX00,P,2025-04-23 11:21:40.641416,2025-04-23 11:21:51.580000,66.3098,67.34481463229834,10.938584
1758,CTYL00,P,2025-04-23 11:21:40.641416,2025-04-23 11:21:52.400000,69.2398,70.23164803604301,11.758584
1758,EDC00,P,2025-04-23 11:21:40.641416,2025-04-23 11:21:52.470000,72.6861,73.63153953998669,11.828584
1758,KLYT00,P,2025-04-23 11:21:40.641416,2025-04-23 11:21:52.600000,69.6806,70.66626138532182,11.958584
1758,KRTK01,P,2025-04-23 11:21:40.641416,2025-04-23 11:21:53.109900,74.6894,75.60979403608123,12.468484
1758,SATE00,P,2025-04-23 11:21:40.641416,2025-04-23 11:21:53.360000,76.7261,77.62234796132249,12.718584
1758,TKR00,P,2025-04-23 11:21:40.641416,2025-04-23 11:21:53.390000,74.1263,75.05359973717866,12.748584
1758,MADA00,P,2025-04-23 11:21:40.641416,2025-04-23 11:21:53.789900,77.2864,78.17622468998246,13.148484
1758,GEML00,P,2025-04-23 11:21:40.641416,2025-04-23 11:21:54.230000,81.4834,82.32787472890712,13.588584
1758,VIZE00,P,2025-04-23 11:21:40.641416,2025-04-23 11:21:56.020000,92.6986,93.44177290579744,15.378584
1758,NMR700,P,2025-04-23 11:21:40.641416,2025-04-23 11:21:56.980000,99.1719,99.8669125958574,16.338584
1758,ELBA00,S,2025-04-23 11:21:40.641416,2025-04-23 11:21:50.650000,32.2109,34.291056569149696,10.008584
1758,CTKS00,S,2025-04-23 11:21:40.641416,2025-04-23 11:21:53.480000,43.1206,44.69586811080666,12.838584
1758,BGKT00,S,2025-04-23 11:21:40.641416,2025-04-23 11:21:55.089900,47.7708,49.19739641951213,14.448484
1758,ARMT00,S,2025-04-23 11:21:40.641416,2025-04-23 11:21:56.080000,50.9649,52.30445022967572,15.438584
1758,T59000,S,2025-04-23 11:21:40.641416,2025-04-23 11:21:56.220000,54.1885,55.45023006326144,15.578584
1758,ESEK01,S,2025-04-23 11:21:40.641416,2025-04-23 11:21:56.410000,52.9564,54.24679513831784,15.768584
1758,EYUP00,S,2025-04-23 11:21:40.641416,2025-04-23 11:21:56.410000,53.8818,55.15054716916799,15.768584
1758,CATL00,S,2025-04-23 11:21:40.641416,2025-04-23 11:21:56.540000,53.7312,55.00342112322309,15.898584
1758,KNAL00,S,2025-04-23 11:21:40.641416,2025-04-23 11:21:57.180000,54.8272,56.07456055698184,16.538584
1758,BAND00,S,2025-04-23 11:21:40.641416,2025-04-23 11:21:57.910000,61.2655,62.38426061170096,17.268584
1758,KAVV00,S,2025-04-23 11:21:40.641416,2025-04-23 11:21:58.329900,60.2335,61.37107628246896,17.688484
1758,MRTI00,S,2025-04-23 11:21:40.641416,2025-04-23 11:21:58.940000,60.4211,61.55520942234398,18.298584
1758,TESV01,S,2025-04-23 11:21:40.641416,2025-04-23 11:21:59.460000,62.8197,63.911260274763976,18.818584
1758,KCTX00,S,2025-04-23 11:21:40.641416,2025-04-23 11:21:59.500000,66.3098,67.34481463229834,18.858584
1758,BUAD07,S,2025-04-23 11:21:40.641416,2025-04-23 11:21:59.620000,61.1789,62.2992157818108,18.978584
1758,CTYL00,S,2025-04-23 11:21:40.641416,2025-04-23 11:22:00.730000,69.2398,70.23164803604301,20.088584
1758,EDC00,S,2025-04-23 11:21:40.641416,2025-04-23 11:22:01.329900,72.6861,73.63153953998669,20.688484
1758,KLYT00,S,2025-04-23 11:21:40.641416,2025-04-23 11:22:01.460000,69.6806,70.66626138532182,20.818584
1758,KRTK01,S,2025-04-23 11:21:40.641416,2025-04-23 11:22:02.369900,74.6894,75.60979403608123,21.728484
1758,MADA00,S,2025-04-23 11:21:40.641416,2025-04-23 11:22:02.769900,77.2864,78.17622468998246,22.128484
1758,SATE00,S,2025-04-23 11:21:40.641416,2025-04-23 11:22:02.829900,76.7261,77.62234796132249,22.188484
1758,TKR00,S,2025-04-23 11:21:40.641416,2025-04-23 11:22:02.860000,74.1263,75.05359973717866,22.218584
1758,GEML00,S,2025-04-23 11:21:40.641416,2025-04-23 11:22:03.940000,81.4834,82.32787472890712,23.298584
1758,VIZE00,S,2025-04-23 11:21:40.641416,2025-04-23 11:22:07.180000,92.6986,93.44177290579744,26.538584
1758,NMR700,S,2025-04-23 11:21:40.641416,2025-04-23 11:22:09.549900,99.1719,99.8669125958574,28.908484
1796,ELBA00,P,2025-04-23 11:50:36.550204,2025-04-23 11:50:42.680000,33.8167,36.23238170540071,6.129796
1796,CTKS00,P,2025-04-23 11:50:36.550204,2025-04-23 11:50:44.410000,45.2872,47.11843343104539,7.859796
1796,SLVT00,P,2025-04-23 11:50:36.550204,2025-04-23 11:50:44.630000,43.0927,45.01329890649936,8.079796
1796,T59000,P,2025-04-23 11:50:36.550204,2025-04-23 11:50:44.860000,50.142,51.80189619266708,8.309796
1796,BGKT00,P,2025-04-23 11:50:36.550204,2025-04-23 11:50:45.540000,52.1141,53.71308689663866,8.989796
1796,ARMT00,P,2025-04-23 11:50:36.550204,2025-04-23 11:50:46.089900,55.0592,56.57501029426204,9.539696
1796,EYUP00,P,2025-04-23 11:50:36.550204,2025-04-23 11:50:46.200000,59.0318,60.44807438120635,9.649796
1796,BAND00,P,2025-04-23 11:50:36.550204,2025-04-23 11:50:46.210000,58.5261,59.95432149866977,9.659796
1796,ESEK01,P,2025-04-23 11:50:36.550204,2025-04-23 11:50:46.529900,57.4104,58.865697254987616,9.979696
1796,KNAL00,P,2025-04-23 11:50:36.550204,2025-04-23 11:50:46.820000,60.4834,61.86645262754166,10.269796
1796,ISK00,P,2025-04-23 11:50:36.550204,2025-04-23 11:50:47.430000,65.5448,66.82317780677491,10.879796
1796,KCTX00,P,2025-04-23 11:50:36.550204,2025-04-23 11:50:47.509900,65.4229,66.70361406674945,10.959696
1796,MRTI00,P,2025-04-23 11:50:36.550204,2025-04-23 11:50:47.800000,65.9898,67.25972040676244,11.249796
1796,BUAD07,P,2025-04-23 11:50:36.550204,2025-04-23 11:50:47.869900,66.7804,68.03556503267872,11.319696
1796,TESV01,P,2025-04-23 11:50:36.550204,2025-04-23 11:50:48.040000,67.7887,69.02553247057104,11.489796
1796,MADA00,P,2025-04-23 11:50:36.550204,2025-04-23 11:50:48.100000,71.8534,73.02141724669451,11.549796
1796,CTYL00,P,2025-04-23 11:50:36.550204,2025-04-23 11:50:48.340000,69.4038,70.61234835066638,11.789796
1796,TKR00,P,2025-04-23 11:50:36.550204,2025-04-23 11:50:48.589900,68.7833,70.0025616963112,12.039696
1796,MDNY00,P,2025-04-23 11:50:36.550204,2025-04-23 11:50:48.680000,71.0122,72.1938282264894,12.129796
1796,KLYT00,P,2025-04-23 11:50:36.550204,2025-04-23 11:50:49.190000,74.5188,75.64567296677224,12.639796
1796,KRTK01,P,2025-04-23 11:50:36.550204,2025-04-23 11:50:49.829900,79.6399,80.6952907991901,13.279696
1796,SATE00,P,2025-04-23 11:50:36.550204,2025-04-23 11:50:50.060000,82.3504,83.37148592484037,13.509796
1796,GEML00,P,2025-04-23 11:50:36.550204,2025-04-23 11:50:50.760000,85.9557,86.93445029242352,14.209796
1796,NMR400,P,2025-04-23 11:50:36.550204,2025-04-23 11:50:51.180000,87.238,88.20252223806219,14.629796
1796,RKY00,P,2025-04-23 11:50:36.550204,2025-04-23 11:50:52.549900,99.0946,99.94476491700732,15.999696
1796,ELBA00,S,2025-04-23 11:50:36.550204,2025-04-23 11:50:46.890000,33.8167,36.23238170540071,10.339796
1796,CTKS00,S,2025-04-23 11:50:36.550204,2025-04-23 11:50:49.849900,45.2872,47.11843343104539,13.299696
1796,SLVT00,S,2025-04-23 11:50:36.550204,2025-04-23 11:50:50.640000,43.0927,45.01329890649936,14.089796
1796,T59000,S,2025-04-23 11:50:36.550204,2025-04-23 11:50:51.020000,50.142,51.80189619266708,14.469796
1796,BGKT00,S,2025-04-23 11:50:36.550204,2025-04-23 11:50:52.289900,52.1141,53.71308689663866,15.739696
1796,BAND00,S,2025-04-23 11:50:36.550204,2025-04-23 11:50:53.089900,58.5261,59.95432149866977,16.539696
1796,ARMT00,S,2025-04-23 11:50:36.550204,2025-04-23 11:50:53.349900,55.0592,56.57501029426204,16.799696
1796,EYUP00,S,2025-04-23 11:50:36.550204,2025-04-23 11:50:53.660000,59.0318,60.44807438120635,17.109796
1796,ESEK01,S,2025-04-23 11:50:36.550204,2025-04-23 11:50:53.970000,57.4104,58.865697254987616,17.419796
1796,KNAL00,S,2025-04-23 11:50:36.550204,2025-04-23 11:50:54.569900,60.4834,61.86645262754166,18.019696
1796,KCTX00,S,2025-04-23 11:50:36.550204,2025-04-23 11:50:55.329900,65.4229,66.70361406674945,18.779696
1796,ISK00,S,2025-04-23 11:50:36.550204,2025-04-23 11:50:55.600000,65.5448,66.82317780677491,19.049796
1796,TESV01,S,2025-04-23 11:50:36.550204,2025-04-23 11:50:56.210000,67.7887,69.02553247057104,19.659796
1796,MRTI00,S,2025-04-23 11:50:36.550204,2025-04-23 11:50:56.240000,65.9898,67.25972040676244,19.689796
1796,BUAD07,S,2025-04-23 11:50:36.550204,2025-04-23 11:50:56.600000,66.7804,68.03556503267872,20.049796
1796,CTYL00,S,2025-04-23 11:50:36.550204,2025-04-23 11:50:56.620000,69.4038,70.61234835066638,20.069796
1796,TKR00,S,2025-04-23 11:50:36.550204,2025-04-23 11:50:57.509900,68.7833,70.0025616963112,20.959696
1796,MDNY00,S,2025-04-23 11:50:36.550204,2025-04-23 11:50:57.509900,71.0122,72.1938282264894,20.959696
1796,MADA00,S,2025-04-23 11:50:36.550204,2025-04-23 11:50:57.640000,71.8534,73.02141724669451,21.089796
1796,KLYT00,S,2025-04-23 11:50:36.550204,2025-04-23 11:50:58.620000,74.5188,75.64567296677224,22.069796
1796,KRTK01,S,2025-04-23 11:50:36.550204,2025-04-23 11:50:59.470000,79.6399,80.6952907991901,22.919796
1796,SATE00,S,2025-04-23 11:50:36.550204,2025-04-23 11:51:00.220000,82.3504,83.37148592484037,23.669796
1796,GEML00,S,2025-04-23 11:50:36.550204,2025-04-23 11:51:00.849900,85.9557,86.93445029242352,24.299696
1796,NMR400,S,2025-04-23 11:50:36.550204,2025-04-23 11:51:02.509900,87.238,88.20252223806219,25.959696
1796,RKY00,S,2025-04-23 11:50:36.550204,2025-04-23 11:51:05.300000,99.0946,99.94476491700732,28.749796
1824,ELBA00,P,2025-04-23 12:12:58.225917,2025-04-23 12:13:04.380000,34.023,36.70522856083315,6.154083
1824,CTKS00,P,2025-04-23 12:12:58.225917,2025-04-23 12:13:06.100000,45.4766,47.5166331116063,7.874083
1824,T59000,P,2025-04-23 12:12:58.225917,2025-04-23 12:13:06.540000,50.0266,51.88805240383378,8.314083
1824,BGKT00,P,2025-04-23 12:12:58.225917,2025-04-23 12:13:07.269900,52.1903,53.97718674396621,9.043983
1824,CATL00,P,2025-04-23 12:12:58.225917,2025-04-23 12:13:07.580000,54.5728,56.28409877170461,9.354083
1824,ARMT00,P,2025-04-23 12:12:58.225917,2025-04-23 12:13:07.800000,54.8044,56.50868547456224,9.574083
1824,EYUP00,P,2025-04-23 12:12:58.225917,2025-04-23 12:13:07.920000,59.0369,60.622313023448726,9.694083
1824,ESEK01,P,2025-04-23 12:12:58.225917,2025-04-23 12:13:08.300000,57.1681,58.803919361833366,10.074083
1824,KNAL00,P,2025-04-23 12:12:58.225917,2025-04-23 12:13:08.600000,60.3705,61.92177763075767,10.374083
1824,ISK00,P,2025-04-23 12:12:58.225917,2025-04-23 12:13:09.160000,65.5049,66.93729303395082,10.934083
1824,KCTX00,P,2025-04-23 12:12:58.225917,2025-04-23 12:13:09.190000,65.1749,66.61438932177492,10.964083
1824,EDC00,P,2025-04-23 12:12:58.225917,2025-04-23 12:13:09.540000,68.6348,70.00317882598618,11.314083
1824,MRTI00,P,2025-04-23 12:12:58.225917,2025-04-23 12:13:09.569900,65.8394,67.26467027394843,11.343983
1824,BUAD07,P,2025-04-23 12:12:58.225917,2025-04-23 12:13:09.640000,66.6385,68.04703488729689,11.414083
1824,MADA00,P,2025-04-23 12:12:58.225917,2025-04-23 12:13:09.809900,71.8816,73.18930040151362,11.583983
1824,TESV01,P,2025-04-23 12:12:58.225917,2025-04-23 12:13:09.900000,67.5722,68.96166679788853,11.674083
1824,CTYL00,P,2025-04-23 12:12:58.225917,2025-04-23 12:13:10.089900,69.658,71.00666334016127,11.863983
1824,TKR00,P,2025-04-23 12:12:58.225917,2025-04-23 12:13:10.220000,68.9748,70.33656452900584,11.994083
1824,MDNY00,P,2025-04-23 12:12:58.225917,2025-04-23 12:13:10.380000,70.7349,72.06341202519486,12.154083
1824,KLYT00,P,2025-04-23 12:12:58.225917,2025-04-23 12:13:10.920000,74.5572,75.81876645358325,12.694083
1824,KRTK01,P,2025-04-23 12:12:58.225917,2025-04-23 12:13:11.680000,79.4217,80.60716907070363,13.454083
1824,SATE00,P,2025-04-23 12:12:58.225917,2025-04-23 12:13:11.789900,82.2707,83.41569009001246,13.563983
1824,GEML00,P,2025-04-23 12:12:58.225917,2025-04-23 12:13:12.460000,85.7127,86.81230451953802,14.234083
1824,NMR700,P,2025-04-23 12:12:58.225917,2025-04-23 12:13:13.400000,93.6185,94.6262797374651,15.174083
1824,VIZE00,P,2025-04-23 12:12:58.225917,2025-04-23 12:13:13.430000,90.8931,91.93076145835518,15.204083
1824,YLV00,P,2025-04-23 12:12:58.225917,2025-04-23 12:13:13.650000,93.1779,94.19039400657054,15.424083
1824,ELBA00,S,2025-04-23 12:12:58.225917,2025-04-23 12:13:08.750000,34.023,36.70522856083315,10.524083
1824,CTKS00,S,2025-04-23 12:12:58.225917,2025-04-23 12:13:11.750000,45.4766,47.5166331116063,13.524083
1824,T59000,S,2025-04-23 12:12:58.225917,2025-04-23 12:13:13.230000,50.0266,51.88805240383378,15.004083
1824,BGKT00,S,2025-04-23 12:12:58.225917,2025-04-23 12:13:13.910000,52.1903,53.97718674396621,15.684083
1824,CATL00,S,2025-04-23 12:12:58.225917,2025-04-23 12:13:14.140000,54.5728,56.28409877170461,15.914083
1824,ARMT00,S,2025-04-23 12:12:58.225917,2025-04-23 12:13:14.740000,54.8044,56.50868547456224,16.514083
1824,EYUP00,S,2025-04-23 12:12:58.225917,2025-04-23 12:13:15.440000,59.0369,60.622313023448726,17.214083
1824,ESEK01,S,2025-04-23 12:12:58.225917,2025-04-23 12:13:15.509900,57.1681,58.803919361833366,17.283983
1824,KNAL00,S,2025-04-23 12:12:58.225917,2025-04-23 12:13:16.309900,60.3705,61.92177763075767,18.083983
1824,KCTX00,S,2025-04-23 12:12:58.225917,2025-04-23 12:13:17.109900,65.1749,66.61438932177492,18.883983
1824,ISK00,S,2025-04-23 12:12:58.225917,2025-04-23 12:13:17.349900,65.5049,66.93729303395082,19.123983
1824,TESV01,S,2025-04-23 12:12:58.225917,2025-04-23 12:13:18.009900,67.5722,68.96166679788853,19.783983
1824,MRTI00,S,2025-04-23 12:12:58.225917,2025-04-23 12:13:18.069900,65.8394,67.26467027394843,19.843983
1824,EDC00,S,2025-04-23 12:12:58.225917,2025-04-23 12:13:18.080000,68.6348,70.00317882598618,19.854083
1824,BUAD07,S,2025-04-23 12:12:58.225917,2025-04-23 12:13:18.320000,66.6385,68.04703488729689,20.094083
1824,CTYL00,S,2025-04-23 12:12:58.225917,2025-04-23 12:13:18.420000,69.658,71.00666334016127,20.194083
1824,MADA00,S,2025-04-23 12:12:58.225917,2025-04-23 12:13:18.970000,71.8816,73.18930040151362,20.744083
1824,TKR00,S,2025-04-23 12:12:58.225917,2025-04-23 12:13:19.180000,68.9748,70.33656452900584,20.954083
1824,MDNY00,S,2025-04-23 12:12:58.225917,2025-04-23 12:13:19.730000,70.7349,72.06341202519486,21.504083
1824,KLYT00,S,2025-04-23 12:12:58.225917,2025-04-23 12:13:20.390000,74.5572,75.81876645358325,22.164083
1824,KRTK01,S,2025-04-23 12:12:58.225917,2025-04-23 12:13:21.289900,79.4217,80.60716907070363,23.063983
1824,SATE00,S,2025-04-23 12:12:58.225917,2025-04-23 12:13:21.900000,82.2707,83.41569009001246,23.674083
1824,GEML00,S,2025-04-23 12:12:58.225917,2025-04-23 12:13:22.650000,85.7127,86.81230451953802,24.424083
1824,VIZE00,S,2025-04-23 12:12:58.225917,2025-04-23 12:13:24.120000,90.8931,91.93076145835518,25.894083
1824,YLV00,S,2025-04-23 12:12:58.225917,2025-04-23 12:13:25.049900,93.1779,94.19039400657054,26.823983
1824,NMR700,S,2025-04-23 12:12:58.225917,2025-04-23 12:13:25.809900,93.6185,94.6262797374651,27.583983
2268,ELBA00,P,2025-04-23 21:00:16.707841,2025-04-23 21:00:22.880000,34.4046,36.5245490752086,6.172159
2268,CTKS00,P,2025-04-23 21:00:16.707841,2025-04-23 21:00:24.640000,46.0603,47.66463489923447,7.932159
2268,T59000,P,2025-04-23 21:00:16.707841,2025-04-23 21:00:24.680000,48.7501,50.26866254434587,7.972158999999999
2268,BGKT00,P,2025-04-23 21:00:16.707841,2025-04-23 21:00:26.000000,53.9157,55.29257536484732,9.292159
2268,CATL00,P,2025-04-23 21:00:16.707841,2025-04-23 21:00:26.049900,54.3265,55.69322028970242,9.342059
2268,ARMT00,P,2025-04-23 21:00:16.707841,2025-04-23 21:00:26.670000,57.3518,58.64806175166679,9.962159
2268,EYUP00,P,2025-04-23 21:00:16.707841,2025-04-23 21:00:26.760000,61.2561,62.47140122645979,10.052159
2268,ESEK01,P,2025-04-23 21:00:16.707841,2025-04-23 21:00:27.109900,59.814,61.05801159542719,10.402059
2268,KNAL00,P,2025-04-23 21:00:16.707841,2025-04-23 21:00:27.470000,63.1059,64.28624113134413,10.762159
2268,MADA00,P,2025-04-23 21:00:16.707841,2025-04-23 21:00:27.789900,69.505,70.57840469284723,11.082059
2268,KCTX00,P,2025-04-23 21:00:16.707841,2025-04-23 21:00:27.809900,65.6602,66.79541936411,11.102059
2268,EDC00,P,2025-04-23 21:00:16.707841,2025-04-23 21:00:27.829900,67.3939,68.50039373023576,11.122059
2268,ISK00,P,2025-04-23 21:00:16.707841,2025-04-23 21:00:28.029900,67.9668,69.0641157637403,11.322059
2268,TKR00,P,2025-04-23 21:00:16.707841,2025-04-23 21:00:28.040000,66.1642,67.29091725951817,11.332159
2268,CTYL00,P,2025-04-23 21:00:16.707841,2025-04-23 21:00:28.380000,69.1512,70.23001242650696,11.672159
2268,MRTI00,P,2025-04-23 21:00:16.707841,2025-04-23 21:00:28.430000,68.6458,69.73243177766942,11.722159
2268,BUAD07,P,2025-04-23 21:00:16.707841,2025-04-23 21:00:28.520000,69.4336,70.50809168419835,11.812159
2268,TESV01,P,2025-04-23 21:00:16.707841,2025-04-23 21:00:28.670000,70.3351,71.39602563166468,11.962159
2268,MDNY00,P,2025-04-23 21:00:16.707841,2025-04-23 21:00:29.220000,72.9177,73.94157935341468,12.512159
2268,KLYT00,P,2025-04-23 21:00:16.707841,2025-04-23 21:00:29.730000,76.5546,77.53046475513558,13.022159
2268,KRTK01,P,2025-04-23 21:00:16.707841,2025-04-23 21:00:30.470000,82.1784,83.08823990521957,13.762159
2268,SATE00,P,2025-04-23 21:00:16.707841,2025-04-23 21:00:30.670000,84.9002,85.78117593054621,13.962159
2268,GEML00,P,2025-04-23 21:00:16.707841,2025-04-23 21:00:31.360000,88.3499,89.196810559556,14.652159
2268,TKOY00,P,2025-04-23 21:00:16.707841,2025-04-23 21:00:32.029900,96.3535,97.13064988064951,15.322059
2268,KRBG00,P,2025-04-23 21:00:16.707841,2025-04-23 21:00:32.950000,98.9941,99.75067928990418,16.242159
2268,ELBA00,S,2025-04-23 21:00:16.707841,2025-04-23 21:00:27.249900,34.4046,36.5245490752086,10.542059
2268,CTKS00,S,2025-04-23 21:00:16.707841,2025-04-23 21:00:30.249900,46.0603,47.66463489923447,13.542059
2268,T59000,S,2025-04-23 21:00:16.707841,2025-04-23 21:00:31.349900,48.7501,50.26866254434587,14.642059
2268,CATL00,S,2025-04-23 21:00:16.707841,2025-04-23 21:00:32.700000,54.3265,55.69322028970242,15.992159
2268,BGKT00,S,2025-04-23 21:00:16.707841,2025-04-23 21:00:32.920000,53.9157,55.29257536484732,16.212159
2268,ARMT00,S,2025-04-23 21:00:16.707841,2025-04-23 21:00:34.440000,57.3518,58.64806175166679,17.732159
2268,EYUP00,S,2025-04-23 21:00:16.707841,2025-04-23 21:00:34.630000,61.2561,62.47140122645979,17.922159
2268,ESEK01,S,2025-04-23 21:00:16.707841,2025-04-23 21:00:35.089900,59.814,61.05801159542719,18.382059
2268,KNAL00,S,2025-04-23 21:00:16.707841,2025-04-23 21:00:35.549900,63.1059,64.28624113134413,18.842059
2268,KCTX00,S,2025-04-23 21:00:16.707841,2025-04-23 21:00:35.560000,65.6602,66.79541936411,18.852159
2268,ISK00,S,2025-04-23 21:00:16.707841,2025-04-23 21:00:36.580000,67.9668,69.0641157637403,19.872159
2268,CTYL00,S,2025-04-23 21:00:16.707841,2025-04-23 21:00:36.750000,69.1512,70.23001242650696,20.042159
2268,TKR00,S,2025-04-23 21:00:16.707841,2025-04-23 21:00:37.040000,66.1642,67.29091725951817,20.332159
2268,EDC00,S,2025-04-23 21:00:16.707841,2025-04-23 21:00:37.170000,67.3939,68.50039373023576,20.462159
2268,BUAD07,S,2025-04-23 21:00:16.707841,2025-04-23 21:00:37.210000,69.4336,70.50809168419835,20.502159
2268,MADA00,S,2025-04-23 21:00:16.707841,2025-04-23 21:00:37.289900,69.505,70.57840469284723,20.582059
2268,TESV01,S,2025-04-23 21:00:16.707841,2025-04-23 21:00:37.309900,70.3351,71.39602563166468,20.602059
2268,MRTI00,S,2025-04-23 21:00:16.707841,2025-04-23 21:00:37.750000,68.6458,69.73243177766942,21.042159
2268,MDNY00,S,2025-04-23 21:00:16.707841,2025-04-23 21:00:38.400000,72.9177,73.94157935341468,21.692159
2268,KLYT00,S,2025-04-23 21:00:16.707841,2025-04-23 21:00:39.490000,76.5546,77.53046475513558,22.782159
2268,KRTK01,S,2025-04-23 21:00:16.707841,2025-04-23 21:00:40.940000,82.1784,83.08823990521957,24.232159
2268,SATE00,S,2025-04-23 21:00:16.707841,2025-04-23 21:00:41.120000,84.9002,85.78117593054621,24.412159
2268,GEML00,S,2025-04-23 21:00:16.707841,2025-04-23 21:00:42.600000,88.3499,89.196810559556,25.892159
2268,TKOY00,S,2025-04-23 21:00:16.707841,2025-04-23 21:00:44.269900,96.3535,97.13064988064951,27.562059
2268,KRBG00,S,2025-04-23 21:00:16.707841,2025-04-23 21:00:45.280000,98.9941,99.75067928990418,28.572159
2413,T59000,P,2025-04-24 01:20:03.845247,2025-04-24 01:20:10.269900,39.5926,40.93078435538817,6.424653
2413,ELBA00,P,2025-04-24 01:20:03.845247,2025-04-24 01:20:11.520000,43.9102,45.120514150741776,7.674753
2413,MADA00,P,2025-04-24 01:20:03.845247,2025-04-24 01:20:12.210000,54.8249,55.79896767142999,8.364753
2413,TKR00,P,2025-04-24 01:20:03.845247,2025-04-24 01:20:13.009900,52.564,53.57918652972709,9.164653
2413,BAND00,P,2025-04-24 01:20:03.845247,2025-04-24 01:20:13.140000,52.5405,53.55613198726444,9.294753
2413,CTKS00,P,2025-04-24 01:20:03.845247,2025-04-24 01:20:13.490000,55.8038,56.76107141014244,9.644753
2413,CATL00,P,2025-04-24 01:20:03.845247,2025-04-24 01:20:13.990000,60.2235,61.11157898006964,10.144753
2413,KCTX00,P,2025-04-24 01:20:03.845247,2025-04-24 01:20:14.860000,65.3499,66.16921159570582,11.014753
2413,BIRL00,P,2025-04-24 01:20:03.845247,2025-04-24 01:20:15.020000,62.4238,63.28100773239384,11.174753
2413,BGKT00,P,2025-04-24 01:20:03.845247,2025-04-24 01:20:15.230000,67.3472,68.14250128243965,11.384753
2413,ARMT00,P,2025-04-24 01:20:03.845247,2025-04-24 01:20:15.800000,69.1941,69.96841150117166,11.954753
2413,CTYL00,P,2025-04-24 01:20:03.845247,2025-04-24 01:20:16.029900,73.3066,74.03791418420221,12.184653
2413,NMR700,P,2025-04-24 01:20:03.845247,2025-04-24 01:20:16.060000,75.6499,76.35877489324518,12.214753
2413,EYUP00,P,2025-04-24 01:20:03.845247,2025-04-24 01:20:16.440000,75.9119,76.61835090105562,12.594753
2413,ESEK01,P,2025-04-24 01:20:03.845247,2025-04-24 01:20:16.520000,72.3607,73.10147767095607,12.674753
2413,TKOY00,P,2025-04-24 01:20:03.845247,2025-04-24 01:20:16.869900,81.078,81.73981414945405,13.024653
2413,KNAL00,P,2025-04-24 01:20:03.845247,2025-04-24 01:20:17.280000,78.3341,79.01889872680643,13.434753
2413,KRBG00,P,2025-04-24 01:20:03.845247,2025-04-24 01:20:17.549900,84.8269,85.45968696875322,13.704653
2413,MDNY00,P,2025-04-24 01:20:03.845247,2025-04-24 01:20:17.800000,82.1313,82.78469407370719,13.954753
2413,KAVV00,P,2025-04-24 01:20:03.845247,2025-04-24 01:20:17.849900,83.2109,83.85588239352853,14.004653
2413,BUAD07,P,2025-04-24 01:20:03.845247,2025-04-24 01:20:18.180000,84.4639,85.09938622808797,14.334753
2413,MRTI00,P,2025-04-24 01:20:03.845247,2025-04-24 01:20:18.190000,83.5862,84.22830856444459,14.344753
2413,TESV01,P,2025-04-24 01:20:03.845247,2025-04-24 01:20:18.190000,83.875,84.5149144127076,14.344753
2413,CMH00,P,2025-04-24 01:20:03.845247,2025-04-24 01:20:19.109900,91.5338,92.12052798170065,15.264653
2413,KLYT00,P,2025-04-24 01:20:03.845247,2025-04-24 01:20:19.260000,90.6129,91.20555235070552,15.414753
2413,T59000,S,2025-04-24 01:20:03.845247,2025-04-24 01:20:15.640000,39.5926,40.93078435538817,11.794753
2413,ELBA00,S,2025-04-24 01:20:03.845247,2025-04-24 01:20:17.450000,43.9102,45.120514150741776,13.604753
2413,BAND00,S,2025-04-24 01:20:03.845247,2025-04-24 01:20:19.029900,52.5405,53.55613198726444,15.184653
2413,MADA00,S,2025-04-24 01:20:03.845247,2025-04-24 01:20:19.630000,54.8249,55.79896767142999,15.784753
2413,CTKS00,S,2025-04-24 01:20:03.845247,2025-04-24 01:20:20.360000,55.8038,56.76107141014244,16.514753
2413,TKR00,S,2025-04-24 01:20:03.845247,2025-04-24 01:20:20.420000,52.564,53.57918652972709,16.574753
2413,CATL00,S,2025-04-24 01:20:03.845247,2025-04-24 01:20:22.240000,60.2235,61.11157898006964,18.394753
2413,KCTX00,S,2025-04-24 01:20:03.845247,2025-04-24 01:20:22.869900,65.3499,66.16921159570582,19.024653
2413,BIRL00,S,2025-04-24 01:20:03.845247,2025-04-24 01:20:23.349900,62.4238,63.28100773239384,19.504653
2413,BGKT00,S,2025-04-24 01:20:03.845247,2025-04-24 01:20:23.990000,67.3472,68.14250128243965,20.144753
2413,ARMT00,S,2025-04-24 01:20:03.845247,2025-04-24 01:20:24.630000,69.1941,69.96841150117166,20.784753
2413,CTYL00,S,2025-04-24 01:20:03.845247,2025-04-24 01:20:25.470000,73.3066,74.03791418420221,21.624753
2413,ESEK01,S,2025-04-24 01:20:03.845247,2025-04-24 01:20:25.569900,72.3607,73.10147767095607,21.724653
2413,EYUP00,S,2025-04-24 01:20:03.845247,2025-04-24 01:20:26.020000,75.9119,76.61835090105562,22.174753
2413,NMR700,S,2025-04-24 01:20:03.845247,2025-04-24 01:20:26.620000,75.6499,76.35877489324518,22.774753
2413,KNAL00,S,2025-04-24 01:20:03.845247,2025-04-24 01:20:27.340000,78.3341,79.01889872680643,23.494753
2413,TKOY00,S,2025-04-24 01:20:03.845247,2025-04-24 01:20:27.730000,81.078,81.73981414945405,23.884753
2413,KAVV00,S,2025-04-24 01:20:03.845247,2025-04-24 01:20:28.450000,83.2109,83.85588239352853,24.604753
2413,TESV01,S,2025-04-24 01:20:03.845247,2025-04-24 01:20:28.470000,83.875,84.5149144127076,24.624753
2413,MDNY00,S,2025-04-24 01:20:03.845247,2025-04-24 01:20:28.580000,82.1313,82.78469407370719,24.734753
2413,MRTI00,S,2025-04-24 01:20:03.845247,2025-04-24 01:20:28.849900,83.5862,84.22830856444459,25.004653
2413,BUAD07,S,2025-04-24 01:20:03.845247,2025-04-24 01:20:29.040000,84.4639,85.09938622808797,25.194753
2413,KRBG00,S,2025-04-24 01:20:03.845247,2025-04-24 01:20:29.280000,84.8269,85.45968696875322,25.434753
2413,CMH00,S,2025-04-24 01:20:03.845247,2025-04-24 01:20:29.980000,91.5338,92.12052798170065,26.134753
2413,KLYT00,S,2025-04-24 01:20:03.845247,2025-04-24 01:20:30.809900,90.6129,91.20555235070552,26.964653
2508,ELBA00,P,2025-04-24 04:19:19.876479,2025-04-24 04:19:26.089900,34.2299,36.61527492860891,6.213421
2508,CTKS00,P,2025-04-24 04:19:19.876479,2025-04-24 04:19:27.869900,45.8367,47.64446841950927,7.993421
2508,T59000,P,2025-04-24 04:19:19.876479,2025-04-24 04:19:27.950000,49.1315,50.82220574057777,8.073521
2508,BGKT00,P,2025-04-24 04:19:19.876479,2025-04-24 04:19:29.130000,53.3938,54.95352748029571,9.253521
2508,CATL00,P,2025-04-24 04:19:19.876479,2025-04-24 04:19:29.269900,54.3327,55.86622050378579,9.393421
2508,ARMT00,P,2025-04-24 04:19:19.876479,2025-04-24 04:19:29.680000,56.6674,58.1393715725206,9.803521
2508,EYUP00,P,2025-04-24 04:19:19.876479,2025-04-24 04:19:29.849900,60.6106,61.98900819054629,9.973421
2508,ESEK01,P,2025-04-24 04:19:19.876479,2025-04-24 04:19:30.150000,59.0996,60.51243693859649,10.273521
2508,KNAL00,P,2025-04-24 04:19:19.876479,2025-04-24 04:19:30.509900,62.34,63.68098542019915,10.633421
2508,KCTX00,P,2025-04-24 04:19:19.876479,2025-04-24 04:19:30.840000,65.5612,66.83758859749217,10.963521
2508,ISK00,P,2025-04-24 04:19:19.876479,2025-04-24 04:19:31.089900,67.2627,68.50739460363104,11.213421
2508,MRTI00,P,2025-04-24 04:19:19.876479,2025-04-24 04:19:31.420000,67.8677,69.10149786638213,11.543521
2508,MRMT00,P,2025-04-24 04:19:19.876479,2025-04-24 04:19:31.569900,67.0235,68.27255565992543,11.693421
2508,BUAD07,P,2025-04-24 04:19:19.876479,2025-04-24 04:19:31.580000,68.6569,69.87676453369613,11.703521
2508,CTYL00,P,2025-04-24 04:19:19.876479,2025-04-24 04:19:31.680000,69.2331,70.44298715768387,11.803521
2508,TESV01,P,2025-04-24 04:19:19.876479,2025-04-24 04:19:31.680000,69.5828,70.78671033412711,11.803521
2508,MDNY00,P,2025-04-24 04:19:19.876479,2025-04-24 04:19:32.220000,72.3416,73.50033601724292,12.343521
2508,KLYT00,P,2025-04-24 04:19:19.876479,2025-04-24 04:19:32.809900,75.9657,77.06996743594496,12.933421
2508,KRTK01,P,2025-04-24 04:19:19.876479,2025-04-24 04:19:33.500000,81.4283,82.45944666912102,13.623521
2508,SATE00,P,2025-04-24 04:19:19.876479,2025-04-24 04:19:33.730000,84.1574,85.15550645053797,13.853521
2508,GEML00,P,2025-04-24 04:19:19.876479,2025-04-24 04:19:34.360000,87.6387,88.59759613994962,14.483521
2508,VIZE00,P,2025-04-24 04:19:19.876479,2025-04-24 04:19:34.849900,89.6854,90.62264218862532,14.973421
2508,TKOY00,P,2025-04-24 04:19:19.876479,2025-04-24 04:19:35.100000,97.1004,97.96672896574437,15.223521
2508,ELBA00,S,2025-04-24 04:19:19.876479,2025-04-24 04:19:30.430000,34.2299,36.61527492860891,10.553521
2508,CTKS00,S,2025-04-24 04:19:19.876479,2025-04-24 04:19:33.410000,45.8367,47.64446841950927,13.533521
2508,T59000,S,2025-04-24 04:19:19.876479,2025-04-24 04:19:34.140000,49.1315,50.82220574057777,14.263521
2508,CATL00,S,2025-04-24 04:19:19.876479,2025-04-24 04:19:35.750000,54.3327,55.86622050378579,15.873521
2508,BGKT00,S,2025-04-24 04:19:19.876479,2025-04-24 04:19:35.960000,53.3938,54.95352748029571,16.083521
2508,ARMT00,S,2025-04-24 04:19:19.876479,2025-04-24 04:19:36.900000,56.6674,58.1393715725206,17.023521
2508,EYUP00,S,2025-04-24 04:19:19.876479,2025-04-24 04:19:37.560000,60.6106,61.98900819054629,17.683521
2508,ESEK01,S,2025-04-24 04:19:19.876479,2025-04-24 04:19:37.869900,59.0996,60.51243693859649,17.993421
2508,KNAL00,S,2025-04-24 04:19:19.876479,2025-04-24 04:19:38.440000,62.34,63.68098542019915,18.563521
2508,KCTX00,S,2025-04-24 04:19:19.876479,2025-04-24 04:19:38.650000,65.5612,66.83758859749217,18.773521
2508,ISK00,S,2025-04-24 04:19:19.876479,2025-04-24 04:19:39.490000,67.2627,68.50739460363104,19.613521
2508,MRMT00,S,2025-04-24 04:19:19.876479,2025-04-24 04:19:39.580000,67.0235,68.27255565992543,19.703521
2508,CTYL00,S,2025-04-24 04:19:19.876479,2025-04-24 04:19:39.900000,69.2331,70.44298715768387,20.023521
2508,TESV01,S,2025-04-24 04:19:19.876479,2025-04-24 04:19:40.160000,69.5828,70.78671033412711,20.283521
2508,MRTI00,S,2025-04-24 04:19:19.876479,2025-04-24 04:19:40.200000,67.8677,69.10149786638213,20.323521
2508,BUAD07,S,2025-04-24 04:19:19.876479,2025-04-24 04:19:40.490000,68.6569,69.87676453369613,20.613521
2508,MDNY00,S,2025-04-24 04:19:19.876479,2025-04-24 04:19:41.620000,72.3416,73.50033601724292,21.743521
2508,KLYT00,S,2025-04-24 04:19:19.876479,2025-04-24 04:19:42.210000,75.9657,77.06996743594496,22.333521
2508,KRTK01,S,2025-04-24 04:19:19.876479,2025-04-24 04:19:43.380000,81.4283,82.45944666912102,23.503521
2508,SATE00,S,2025-04-24 04:19:19.876479,2025-04-24 04:19:44.109900,84.1574,85.15550645053797,24.233421
2508,GEML00,S,2025-04-24 04:19:19.876479,2025-04-24 04:19:45.210000,87.6387,88.59759613994962,25.333521
2508,VIZE00,S,2025-04-24 04:19:19.876479,2025-04-24 04:19:45.580000,89.6854,90.62264218862532,25.703521
2508,TKOY00,S,2025-04-24 04:19:19.876479,2025-04-24 04:19:47.520000,97.1004,97.96672896574437,27.643521
2648,ELBA00,P,2025-04-24 14:52:54.506389,2025-04-24 14:53:00.660000,34.146,36.24130009534211,6.153611
2648,CTKS00,P,2025-04-24 14:52:54.506389,2025-04-24 14:53:02.430000,45.7628,47.34676737054647,7.923611
2648,T59000,P,2025-04-24 14:52:54.506389,2025-04-24 14:53:02.500000,49.169,50.64655050050935,7.993611
2648,BGKT00,P,2025-04-24 14:52:54.506389,2025-04-24 14:53:03.750000,53.3916,54.75532364218701,9.243611
2648,CATL00,P,2025-04-24 14:52:54.506389,2025-04-24 14:53:03.849900,54.218,55.561443831137474,9.343511
2648,ARMT00,P,2025-04-24 14:52:54.506389,2025-04-24 14:53:04.369900,56.8294,58.11250485877066,9.863511
2648,EYUP00,P,2025-04-24 14:52:54.506389,2025-04-24 14:53:04.490000,60.6489,61.85282198744568,9.983611
2648,ESEK01,P,2025-04-24 14:52:54.506389,2025-04-24 14:53:04.820000,59.2574,60.48902356097876,10.313611
2648,KNAL00,P,2025-04-24 14:52:54.506389,2025-04-24 14:53:05.210000,62.4404,63.61042421459429,10.703611
2648,MADA00,P,2025-04-24 14:52:54.506389,2025-04-24 14:53:05.650000,70.1309,71.1746138128662,11.143611
2648,ISK00,P,2025-04-24 14:52:54.506389,2025-04-24 14:53:05.740000,67.3253,68.41183038547238,11.233611
2648,TKR00,P,2025-04-24 14:52:54.506389,2025-04-24 14:53:06.100000,66.7967,67.89169056291531,11.593611
2648,MRTI00,P,2025-04-24 14:52:54.506389,2025-04-24 14:53:06.160000,67.9863,69.06243193148242,11.653611
2648,CTYL00,P,2025-04-24 14:52:54.506389,2025-04-24 14:53:06.210000,69.1073,70.16624138352178,11.703611
2648,BUAD07,P,2025-04-24 14:52:54.506389,2025-04-24 14:53:06.249900,68.7715,69.83553342568985,11.743511
2648,TESV01,P,2025-04-24 14:52:54.506389,2025-04-24 14:53:06.380000,69.7308,70.78041385327332,11.873611
2648,KLYT00,P,2025-04-24 14:52:54.506389,2025-04-24 14:53:07.450000,75.9843,76.94866056722914,12.943611
2648,KRTK01,P,2025-04-24 14:52:54.506389,2025-04-24 14:53:08.200000,81.5771,82.47609205709642,13.693611
2648,SATE00,P,2025-04-24 14:52:54.506389,2025-04-24 14:53:08.380000,84.2406,85.11146341686673,13.873611
2648,NMR300,P,2025-04-24 14:52:54.506389,2025-04-24 14:53:09.100000,86.3895,87.23891463590456,14.593611
2648,VIZE00,P,2025-04-24 14:52:54.506389,2025-04-24 14:53:09.410000,89.5254,90.34533613729404,14.903611
2648,RKY00,P,2025-04-24 14:52:54.506389,2025-04-24 14:53:10.390000,97.1804,97.93626836244398,15.883611
2648,ELBA00,S,2025-04-24 14:52:54.506389,2025-04-24 14:53:05.060000,34.146,36.24130009534211,10.553611
2648,CTKS00,S,2025-04-24 14:52:54.506389,2025-04-24 14:53:08.029900,45.7628,47.34676737054647,13.523511
2648,T59000,S,2025-04-24 14:52:54.506389,2025-04-24 14:53:08.840000,49.169,50.64655050050935,14.333611
2648,BGKT00,S,2025-04-24 14:52:54.506389,2025-04-24 14:53:10.509900,53.3916,54.75532364218701,16.003511
2648,CATL00,S,2025-04-24 14:52:54.506389,2025-04-24 14:53:10.540000,54.218,55.561443831137474,16.033611
2648,ARMT00,S,2025-04-24 14:52:54.506389,2025-04-24 14:53:11.930000,56.8294,58.11250485877066,17.423611
2648,EYUP00,S,2025-04-24 14:52:54.506389,2025-04-24 14:53:12.170000,60.6489,61.85282198744568,17.663611
2648,ESEK01,S,2025-04-24 14:52:54.506389,2025-04-24 14:53:12.849900,59.2574,60.48902356097876,18.343511
2648,KNAL00,S,2025-04-24 14:52:54.506389,2025-04-24 14:53:13.180000,62.4404,63.61042421459429,18.673611
2648,ISK00,S,2025-04-24 14:52:54.506389,2025-04-24 14:53:14.269900,67.3253,68.41183038547238,19.763511
2648,CTYL00,S,2025-04-24 14:52:54.506389,2025-04-24 14:53:14.520000,69.1073,70.16624138352178,20.013611
2648,MADA00,S,2025-04-24 14:52:54.506389,2025-04-24 14:53:14.829900,70.1309,71.1746138128662,20.323511
2648,TKR00,S,2025-04-24 14:52:54.506389,2025-04-24 14:53:14.840000,66.7967,67.89169056291531,20.333611
2648,BUAD07,S,2025-04-24 14:52:54.506389,2025-04-24 14:53:14.860000,68.7715,69.83553342568985,20.353611
2648,TESV01,S,2025-04-24 14:52:54.506389,2025-04-24 14:53:15.009900,69.7308,70.78041385327332,20.503511
2648,MRTI00,S,2025-04-24 14:52:54.506389,2025-04-24 14:53:15.410000,67.9863,69.06243193148242,20.903611
2648,KLYT00,S,2025-04-24 14:52:54.506389,2025-04-24 14:53:16.940000,75.9843,76.94866056722914,22.433611
2648,KRTK01,S,2025-04-24 14:52:54.506389,2025-04-24 14:53:18.100000,81.5771,82.47609205709642,23.593611
2648,SATE00,S,2025-04-24 14:52:54.506389,2025-04-24 14:53:18.769900,84.2406,85.11146341686673,24.263511
2648,VIZE00,S,2025-04-24 14:52:54.506389,2025-04-24 14:53:19.930000,89.5254,90.34533613729404,25.423611
2648,NMR300,S,2025-04-24 14:52:54.506389,2025-04-24 14:53:20.060000,86.3895,87.23891463590456,25.553611
2648,RKY00,S,2025-04-24 14:52:54.506389,2025-04-24 14:53:22.869900,97.1804,97.93626836244398,28.363511
3034,ELBA00,P,2025-04-25 17:33:17.017197,2025-04-25 17:33:22.880000,32.6031,34.39782033674693,5.862803
3034,CTKS00,P,2025-04-25 17:33:17.017197,2025-04-25 17:33:24.690000,43.1536,44.5250615639004,7.672803
3034,BGKT00,P,2025-04-25 17:33:17.017197,2025-04-25 17:33:25.080000,46.5237,47.79856248883559,8.062803
3034,ARMT00,P,2025-04-25 17:33:17.017197,2025-04-25 17:33:25.450000,48.6709,49.890925238154495,8.432803
3034,EYUP00,P,2025-04-25 17:33:17.017197,2025-04-25 17:33:25.560000,52.0287,53.17173627030738,8.542803
3034,KNAL00,P,2025-04-25 17:33:17.017197,2025-04-25 17:33:26.009900,52.3351,53.47158690668456,8.992703
3034,T59000,P,2025-04-25 17:33:17.017197,2025-04-25 17:33:26.130000,55.5278,56.60021631715837,9.112803
3034,CATL00,P,2025-04-25 17:33:17.017197,2025-04-25 17:33:26.390000,54.464,55.5569546529426,9.372803
3034,KAVV00,P,2025-04-25 17:33:17.017197,2025-04-25 17:33:26.820000,58.0834,59.10946852974674,9.802803
3034,MRTI00,P,2025-04-25 17:33:17.017197,2025-04-25 17:33:26.930000,57.8357,58.866086236466586,9.912803
3034,BUAD07,P,2025-04-25 17:33:17.017197,2025-04-25 17:33:26.970000,58.609,59.626024480164034,9.952803
3034,BAND00,P,2025-04-25 17:33:17.017197,2025-04-25 17:33:27.120000,61.9144,62.87798375957296,10.102803
3034,TESV01,P,2025-04-25 17:33:17.017197,2025-04-25 17:33:27.360000,60.2678,61.25729043264256,10.342803
3034,KCTX00,P,2025-04-25 17:33:17.017197,2025-04-25 17:33:28.109900,66.0592,66.96316762929546,11.092703
3034,MDNY00,P,2025-04-25 17:33:17.017197,2025-04-25 17:33:28.309900,66.0267,66.93110657384294,11.292703
3034,KLYT00,P,2025-04-25 17:33:17.017197,2025-04-25 17:33:28.660000,68.0507,68.92855493044317,11.642803
3034,CTYL00,P,2025-04-25 17:33:17.017197,2025-04-25 17:33:28.820000,70.1219,70.97414158634905,11.802803
3034,TZLA02,P,2025-04-25 17:33:17.017197,2025-04-25 17:33:28.990000,71.4872,72.32335499787825,11.972803
3034,SATE00,P,2025-04-25 17:33:17.017197,2025-04-25 17:33:29.460000,74.3606,75.16479725688829,12.442803
3034,MADA00,P,2025-04-25 17:33:17.017197,2025-04-25 17:33:29.720000,79.4701,80.22309336044779,12.702803
3034,GEML00,P,2025-04-25 17:33:17.017197,2025-04-25 17:33:30.049900,79.052,79.80893821063604,13.032703
3034,TKR00,P,2025-04-25 17:33:17.017197,2025-04-25 17:33:30.430000,76.7346,77.51417129447441,13.412803
3034,YLV00,P,2025-04-25 17:33:17.017197,2025-04-25 17:33:31.080000,85.7922,86.49016993363534,14.062803
3034,VIZE00,P,2025-04-25 17:33:17.017197,2025-04-25 17:33:32.700000,94.4431,95.07758438201468,15.682803
3034,NMR400,P,2025-04-25 17:33:17.017197,2025-04-25 17:33:32.829900,95.4042,96.03233461677958,15.812703
3034,ERE00,P,2025-04-25 17:33:17.017197,2025-04-25 17:33:33.300000,97.9327,98.54471900411062,16.282803
3034,ULDT00,P,2025-04-25 17:33:17.017197,2025-04-25 17:33:33.540000,99.1997,99.80394979357844,16.522803
3034,ELBA00,S,2025-04-25 17:33:17.017197,2025-04-25 17:33:27.180000,32.6031,34.39782033674693,10.162803
3034,CTKS00,S,2025-04-25 17:33:17.017197,2025-04-25 17:33:29.950000,43.1536,44.5250615639004,12.932803
3034,BGKT00,S,2025-04-25 17:33:17.017197,2025-04-25 17:33:31.100000,46.5237,47.79856248883559,14.082803
3034,ARMT00,S,2025-04-25 17:33:17.017197,2025-04-25 17:33:31.990000,48.6709,49.890925238154495,14.972803
3034,EYUP00,S,2025-04-25 17:33:17.017197,2025-04-25 17:33:32.340000,52.0287,53.17173627030738,15.322803
3034,KNAL00,S,2025-04-25 17:33:17.017197,2025-04-25 17:33:32.910000,52.3351,53.47158690668456,15.892803
3034,T59000,S,2025-04-25 17:33:17.017197,2025-04-25 17:33:32.930000,55.5278,56.60021631715837,15.912803
3034,CATL00,S,2025-04-25 17:33:17.017197,2025-04-25 17:33:33.200000,54.464,55.5569546529426,16.182803
3034,KAVV00,S,2025-04-25 17:33:17.017197,2025-04-25 17:33:34.280000,58.0834,59.10946852974674,17.262803
3034,MRTI00,S,2025-04-25 17:33:17.017197,2025-04-25 17:33:34.520000,57.8357,58.866086236466586,17.502803
3034,BAND00,S,2025-04-25 17:33:17.017197,2025-04-25 17:33:34.640000,61.9144,62.87798375957296,17.622803
3034,BUAD07,S,2025-04-25 17:33:17.017197,2025-04-25 17:33:35.029900,58.609,59.626024480164034,18.012703
3034,TESV01,S,2025-04-25 17:33:17.017197,2025-04-25 17:33:35.210000,60.2678,61.25729043264256,18.192803
3034,KCTX00,S,2025-04-25 17:33:17.017197,2025-04-25 17:33:35.980000,66.0592,66.96316762929546,18.962803
3034,MDNY00,S,2025-04-25 17:33:17.017197,2025-04-25 17:33:36.900000,66.0267,66.93110657384294,19.882803
3034,KLYT00,S,2025-04-25 17:33:17.017197,2025-04-25 17:33:37.360000,68.0507,68.92855493044317,20.342803
3034,CTYL00,S,2025-04-25 17:33:17.017197,2025-04-25 17:33:37.440000,70.1219,70.97414158634905,20.422803
3034,TZLA02,S,2025-04-25 17:33:17.017197,2025-04-25 17:33:38.589900,71.4872,72.32335499787825,21.572703
3034,SATE00,S,2025-04-25 17:33:17.017197,2025-04-25 17:33:38.829900,74.3606,75.16479725688829,21.812703
3034,MADA00,S,2025-04-25 17:33:17.017197,2025-04-25 17:33:39.970000,79.4701,80.22309336044779,22.952803
3034,GEML00,S,2025-04-25 17:33:17.017197,2025-04-25 17:33:40.020000,79.052,79.80893821063604,23.002803
3034,TKR00,S,2025-04-25 17:33:17.017197,2025-04-25 17:33:40.080000,76.7346,77.51417129447441,23.062803
3034,YLV00,S,2025-04-25 17:33:17.017197,2025-04-25 17:33:42.880000,85.7922,86.49016993363534,25.862803
3034,VIZE00,S,2025-04-25 17:33:17.017197,2025-04-25 17:33:44.060000,94.4431,95.07758438201468,27.042803
3034,NMR400,S,2025-04-25 17:33:17.017197,2025-04-25 17:33:45.360000,95.4042,96.03233461677958,28.342803
3034,ERE00,S,2025-04-25 17:33:17.017197,2025-04-25 17:33:45.740000,97.9327,98.54471900411062,28.722803
3034,ULDT00,S,2025-04-25 17:33:17.017197,2025-04-25 17:33:46.620000,99.1997,99.80394979357844,29.602803
3074,ELBA00,P,2025-04-25 18:07:13.599505,2025-04-25 18:07:19.380000,32.3512,34.04322779974008,5.780495
3074,BOTS00,P,2025-04-25 18:07:13.599505,2025-04-25 18:07:20.900000,40.8122,42.166063207572456,7.300495
3074,CTKS00,P,2025-04-25 18:07:13.599505,2025-04-25 18:07:20.930000,42.8601,44.15121051109467,7.330495
3074,BGKT00,P,2025-04-25 18:07:13.599505,2025-04-25 18:07:21.560000,46.1411,47.3428170559695,7.960495
3074,SLVT00,P,2025-04-25 18:07:13.599505,2025-04-25 18:07:21.680000,45.4575,46.67681998417412,8.080495
3074,EYUP00,P,2025-04-25 18:07:13.599505,2025-04-25 18:07:22.069900,51.6401,52.71661166648513,8.470395
3074,ARMT00,P,2025-04-25 18:07:13.599505,2025-04-25 18:07:22.190000,48.6079,49.75006693457805,8.590495
3074,KNAL00,P,2025-04-25 18:07:13.599505,2025-04-25 18:07:22.690000,52.0109,53.07989201566819,9.090495
3074,KAVV00,P,2025-04-25 18:07:13.599505,2025-04-25 18:07:23.380000,57.7084,58.673679347259245,9.780495
3074,MRTI00,P,2025-04-25 18:07:13.599505,2025-04-25 18:07:23.760000,57.5534,58.52123605277828,10.160495
3074,BUAD07,P,2025-04-25 18:07:13.599505,2025-04-25 18:07:23.980000,58.3161,59.27148333553831,10.380495
3074,TESV01,P,2025-04-25 18:07:13.599505,2025-04-25 18:07:23.980000,60.0949,61.02244032808747,10.380495
3074,MDNY00,P,2025-04-25 18:07:13.599505,2025-04-25 18:07:25.130000,66.056,66.9009443400091,11.530495
3074,KLYT00,P,2025-04-25 18:07:13.599505,2025-04-25 18:07:25.200000,67.6602,68.4853552347142,11.600495
3074,TZLA02,P,2025-04-25 18:07:13.599505,2025-04-25 18:07:25.700000,71.203,71.98755744283172,12.100495
3074,SATE00,P,2025-04-25 18:07:13.599505,2025-04-25 18:07:25.970000,74.0099,74.76500863100998,12.370495
3074,TKR00,P,2025-04-25 18:07:13.599505,2025-04-25 18:07:26.529900,76.9771,77.70337921863499,12.930395
3074,GEML00,P,2025-04-25 18:07:13.599505,2025-04-25 18:07:26.760000,78.9381,79.64649929027011,13.160495
3074,MADA00,P,2025-04-25 18:07:13.599505,2025-04-25 18:07:27.470000,79.8401,80.54056608687945,13.870495
3074,NMR200,P,2025-04-25 18:07:13.599505,2025-04-25 18:07:30.040000,95.7297,96.31467530794563,16.440495
3074,ULDT00,P,2025-04-25 18:07:13.599505,2025-04-25 18:07:30.240000,99.2188,99.78332270988471,16.640495
3074,ERE00,P,2025-04-25 18:07:13.599505,2025-04-25 18:07:30.920000,98.043,98.61425387125836,17.320495
3074,ELBA00,S,2025-04-25 18:07:13.599505,2025-04-25 18:07:23.589900,32.3512,34.04322779974008,9.990395
3074,CTKS00,S,2025-04-25 18:07:13.599505,2025-04-25 18:07:26.280000,42.8601,44.15121051109467,12.680495
3074,BOTS00,S,2025-04-25 18:07:13.599505,2025-04-25 18:07:26.380000,40.8122,42.166063207572456,12.780495
3074,BGKT00,S,2025-04-25 18:07:13.599505,2025-04-25 18:07:27.560000,46.1411,47.3428170559695,13.960495
3074,SLVT00,S,2025-04-25 18:07:13.599505,2025-04-25 18:07:28.009900,45.4575,46.67681998417412,14.410395
3074,ARMT00,S,2025-04-25 18:07:13.599505,2025-04-25 18:07:28.430000,48.6079,49.75006693457805,14.830495
3074,EYUP00,S,2025-04-25 18:07:13.599505,2025-04-25 18:07:28.700000,51.6401,52.71661166648513,15.100495
3074,KNAL00,S,2025-04-25 18:07:13.599505,2025-04-25 18:07:29.460000,52.0109,53.07989201566819,15.860495
3074,KAVV00,S,2025-04-25 18:07:13.599505,2025-04-25 18:07:30.690000,57.7084,58.673679347259245,17.090495
3074,MRTI00,S,2025-04-25 18:07:13.599505,2025-04-25 18:07:31.060000,57.5534,58.52123605277828,17.460495
3074,BUAD07,S,2025-04-25 18:07:13.599505,2025-04-25 18:07:31.210000,58.3161,59.27148333553831,17.610495
3074,TESV01,S,2025-04-25 18:07:13.599505,2025-04-25 18:07:31.410000,60.0949,61.02244032808747,17.810495
3074,MDNY00,S,2025-04-25 18:07:13.599505,2025-04-25 18:07:33.040000,66.056,66.9009443400091,19.440495
3074,KLYT00,S,2025-04-25 18:07:13.599505,2025-04-25 18:07:33.730000,67.6602,68.4853552347142,20.130495
3074,TZLA02,S,2025-04-25 18:07:13.599505,2025-04-25 18:07:34.980000,71.203,71.98755744283172,21.380495
3074,SATE00,S,2025-04-25 18:07:13.599505,2025-04-25 18:07:35.130000,74.0099,74.76500863100998,21.530495
3074,GEML00,S,2025-04-25 18:07:13.599505,2025-04-25 18:07:36.320000,78.9381,79.64649929027011,22.720495
3074,TKR00,S,2025-04-25 18:07:13.599505,2025-04-25 18:07:36.380000,76.9771,77.70337921863499,22.780495
3074,MADA00,S,2025-04-25 18:07:13.599505,2025-04-25 18:07:37.309900,79.8401,80.54056608687945,23.710395
3074,ERE00,S,2025-04-25 18:07:13.599505,2025-04-25 18:07:42.160000,98.043,98.61425387125836,28.560495
3074,NMR200,S,2025-04-25 18:07:13.599505,2025-04-25 18:07:42.520000,95.7297,96.31467530794563,28.920495
3074,ULDT00,S,2025-04-25 18:07:13.599505,2025-04-25 18:07:42.820000,99.2188,99.78332270988471,29.220495
3858,ELBA00,P,2025-05-03 08:36:55.869869,2025-05-03 08:37:02.820000,39.772,41.35748686350544,6.950131
3858,T59000,P,2025-05-03 08:36:55.869869,2025-05-03 08:37:02.849900,42.7226,44.20237874170377,6.980031
3858,CTKS00,P,2025-05-03 08:36:55.869869,2025-05-03 08:37:04.620000,51.6771,52.90701654861125,8.750131
3858,CATL00,P,2025-05-03 08:36:55.869869,2025-05-03 08:37:05.660000,57.6165,58.722149210626014,9.790131
3858,MADA00,P,2025-05-03 08:36:55.869869,2025-05-03 08:37:05.710000,60.7276,61.77759413755949,9.840131
3858,EDC00,P,2025-05-03 08:36:55.869869,2025-05-03 08:37:06.049900,61.2748,62.31557470412212,10.180031
3858,KCTX00,P,2025-05-03 08:36:55.869869,2025-05-03 08:37:06.740000,64.8008,65.78581470427363,10.870131
3858,ARMT00,P,2025-05-03 08:36:55.869869,2025-05-03 08:37:07.069900,64.0229,65.0197005535632,11.200031
3858,EYUP00,P,2025-05-03 08:36:55.869869,2025-05-03 08:37:07.650000,69.9508,70.86426572190688,11.780131
3858,ARNA00,P,2025-05-03 08:36:55.869869,2025-05-03 08:37:07.829900,69.9967,70.90957443501566,11.960031
3858,KAVV00,P,2025-05-03 08:36:55.869869,2025-05-03 08:37:08.670000,77.0634,77.89350008328695,12.800131
3858,SARY00,P,2025-05-03 08:36:55.869869,2025-05-03 08:37:08.780000,77.4483,78.2743183206026,12.910131
3858,MRTI00,P,2025-05-03 08:36:55.869869,2025-05-03 08:37:09.040000,77.4078,78.23424593172113,13.170131
3858,BUAD07,P,2025-05-03 08:36:55.869869,2025-05-03 08:37:09.109900,78.2602,79.0777379526313,13.240031
3858,TESV01,P,2025-05-03 08:36:55.869869,2025-05-03 08:37:09.180000,78.1473,78.96600681910556,13.310131
3858,MDNY00,P,2025-05-03 08:36:55.869869,2025-05-03 08:37:09.329900,77.9401,78.76096065739057,13.460031
3858,KLYT00,P,2025-05-03 08:36:55.869869,2025-05-03 08:37:10.220000,84.9039,85.65805257461217,14.350131
3858,TKOY00,P,2025-05-03 08:36:55.869869,2025-05-03 08:37:10.289900,87.3235,88.05693265106969,14.420031
3858,VIZE00,P,2025-05-03 08:36:55.869869,2025-05-03 08:37:10.589900,87.6345,88.36535138794518,14.720031
3858,KRBG00,P,2025-05-03 08:36:55.869869,2025-05-03 08:37:10.710000,90.4878,91.19578764671655,14.840131
3858,TZLA02,P,2025-05-03 08:36:55.869869,2025-05-03 08:37:11.040000,91.0655,91.76903086507464,15.170131
3858,SATE00,P,2025-05-03 08:36:55.869869,2025-05-03 08:37:11.300000,93.9304,94.61263012846132,15.430131
3858,GEML00,P,2025-05-03 08:36:55.869869,2025-05-03 08:37:11.740000,95.3521,96.0242298072472,15.870131
3858,ATI00,P,2025-05-03 08:36:55.869869,2025-05-03 08:37:12.089900,99.3413,99.98661721127996,16.220031
3858,ELBA00,S,2025-05-03 08:36:55.869869,2025-05-03 08:37:08.100000,39.772,41.35748686350544,12.230131
3858,T59000,S,2025-05-03 08:36:55.869869,2025-05-03 08:37:08.309900,42.7226,44.20237874170377,12.440031
3858,CTKS00,S,2025-05-03 08:36:55.869869,2025-05-03 08:37:11.080000,51.6771,52.90701654861125,15.210131
3858,CATL00,S,2025-05-03 08:36:55.869869,2025-05-03 08:37:12.700000,57.6165,58.722149210626014,16.830131
3858,MADA00,S,2025-05-03 08:36:55.869869,2025-05-03 08:37:13.460000,60.7276,61.77759413755949,17.590131
3858,EDC00,S,2025-05-03 08:36:55.869869,2025-05-03 08:37:13.900000,61.2748,62.31557470412212,18.030131
3858,KCTX00,S,2025-05-03 08:36:55.869869,2025-05-03 08:37:14.529900,64.8008,65.78581470427363,18.660031
3858,ARMT00,S,2025-05-03 08:36:55.869869,2025-05-03 08:37:15.089900,64.0229,65.0197005535632,19.220031
3858,EYUP00,S,2025-05-03 08:36:55.869869,2025-05-03 08:37:16.390000,69.9508,70.86426572190688,20.520131
3858,ARNA00,S,2025-05-03 08:36:55.869869,2025-05-03 08:37:16.520000,69.9967,70.90957443501566,20.650131
3858,KAVV00,S,2025-05-03 08:36:55.869869,2025-05-03 08:37:18.500000,77.0634,77.89350008328695,22.630131
3858,SARY00,S,2025-05-03 08:36:55.869869,2025-05-03 08:37:18.560000,77.4483,78.2743183206026,22.690131
3858,TESV01,S,2025-05-03 08:36:55.869869,2025-05-03 08:37:18.950000,78.1473,78.96600681910556,23.080131
3858,MDNY00,S,2025-05-03 08:36:55.869869,2025-05-03 08:37:19.029900,77.9401,78.76096065739057,23.160031
3858,MRTI00,S,2025-05-03 08:36:55.869869,2025-05-03 08:37:19.089900,77.4078,78.23424593172113,23.220031
3858,BUAD07,S,2025-05-03 08:36:55.869869,2025-05-03 08:37:19.200000,78.2602,79.0777379526313,23.330131
3858,KLYT00,S,2025-05-03 08:36:55.869869,2025-05-03 08:37:20.820000,84.9039,85.65805257461217,24.950131
3858,VIZE00,S,2025-05-03 08:36:55.869869,2025-05-03 08:37:21.289900,87.6345,88.36535138794518,25.420031
3858,TKOY00,S,2025-05-03 08:36:55.869869,2025-05-03 08:37:21.829900,87.3235,88.05693265106969,25.960031
3858,KRBG00,S,2025-05-03 08:36:55.869869,2025-05-03 08:37:22.180000,90.4878,91.19578764671655,26.310131
3858,TZLA02,S,2025-05-03 08:36:55.869869,2025-05-03 08:37:22.670000,91.0655,91.76903086507464,26.800131
3858,SATE00,S,2025-05-03 08:36:55.869869,2025-05-03 08:37:22.900000,93.9304,94.61263012846132,27.030131
3858,GEML00,S,2025-05-03 08:36:55.869869,2025-05-03 08:37:23.640000,95.3521,96.0242298072472,27.770131
3858,ATI00,S,2025-05-03 08:36:55.869869,2025-05-03 08:37:25.390000,99.3413,99.98661721127996,29.520131
4266,ELBA00,P,2025-05-13 04:18:16.172614,2025-05-13 04:18:21.940000,32.59,34.4622425845755,5.767386
4266,BOTS00,P,2025-05-13 04:18:16.172614,2025-05-13 04:18:23.300000,38.9268,40.507207040206175,7.127386
4266,CTKS00,P,2025-05-13 04:18:16.172614,2025-05-13 04:18:23.630000,43.3949,44.81802550278324,7.457386
4266,SLVT00,P,2025-05-13 04:18:16.172614,2025-05-13 04:18:24.340000,44.7988,46.17868063726083,8.167386
4266,BGKT00,P,2025-05-13 04:18:16.172614,2025-05-13 04:18:24.420000,47.614,48.91452810728249,8.247386
4266,ARMT00,P,2025-05-13 04:18:16.172614,2025-05-13 04:18:24.990000,50.1112,51.34851925224454,8.817385999999999
4266,EYUP00,P,2025-05-13 04:18:16.172614,2025-05-13 04:18:25.329900,53.4914,54.65224549749195,9.157286
4266,ISK00,P,2025-05-13 04:18:16.172614,2025-05-13 04:18:26.230000,59.5542,60.59901650685536,10.057386
4266,BAND00,P,2025-05-13 04:18:16.172614,2025-05-13 04:18:26.309900,61.185,62.20242992808343,10.137286
4266,MRTI00,P,2025-05-13 04:18:16.172614,2025-05-13 04:18:26.420000,59.6487,60.6918897023987,10.247386
4266,SARY00,P,2025-05-13 04:18:16.172614,2025-05-13 04:18:26.450000,60.7877,61.811669895320975,10.277386
4266,BUAD07,P,2025-05-13 04:18:16.172614,2025-05-13 04:18:26.470000,60.4221,61.45216214559199,10.297386
4266,ARNA00,P,2025-05-13 04:18:16.172614,2025-05-13 04:18:26.529900,59.4791,60.52521293451292,10.357286
4266,TESV01,P,2025-05-13 04:18:16.172614,2025-05-13 04:18:26.809900,61.9629,62.96776191328487,10.637286
4266,KCTX00,P,2025-05-13 04:18:16.172614,2025-05-13 04:18:27.210000,65.941,66.88612371006508,11.037386
4266,MDNY00,P,2025-05-13 04:18:16.172614,2025-05-13 04:18:27.740000,67.1654,68.0935314190572,11.567386
4266,KLYT00,P,2025-05-13 04:18:16.172614,2025-05-13 04:18:28.089900,69.3823,70.2811611831231,11.917286
4266,EDC00,P,2025-05-13 04:18:16.172614,2025-05-13 04:18:28.170000,72.82,73.6769330520627,11.997386
4266,TZLA02,P,2025-05-13 04:18:16.172614,2025-05-13 04:18:28.520000,73.3004,74.15178153030531,12.347386
4266,KRTK01,P,2025-05-13 04:18:16.172614,2025-05-13 04:18:28.630000,73.8323,74.67761771272654,12.457386
4266,MADA00,P,2025-05-13 04:18:16.172614,2025-05-13 04:18:28.660000,77.8134,78.61592258263035,12.487386
4266,SATE00,P,2025-05-13 04:18:16.172614,2025-05-13 04:18:28.849900,76.1017,76.92208269962617,12.677286
4266,TKR00,P,2025-05-13 04:18:16.172614,2025-05-13 04:18:29.240000,74.9455,75.77840084224613,13.067386
4266,GEML00,P,2025-05-13 04:18:16.172614,2025-05-13 04:18:29.660000,80.62,81.39485526713669,13.487386
4266,YLV00,P,2025-05-13 04:18:16.172614,2025-05-13 04:18:30.580000,87.507,88.22138693626466,14.407386
4266,ELBA00,S,2025-05-13 04:18:16.172614,2025-05-13 04:18:26.020000,32.59,34.4622425845755,9.847386
4266,BOTS00,S,2025-05-13 04:18:16.172614,2025-05-13 04:18:28.920000,38.9268,40.507207040206175,12.747386
4266,CTKS00,S,2025-05-13 04:18:16.172614,2025-05-13 04:18:28.940000,43.3949,44.81802550278324,12.767386
4266,BGKT00,S,2025-05-13 04:18:16.172614,2025-05-13 04:18:30.390000,47.614,48.91452810728249,14.217386
4266,SLVT00,S,2025-05-13 04:18:16.172614,2025-05-13 04:18:30.690000,44.7988,46.17868063726083,14.517386
4266,ARMT00,S,2025-05-13 04:18:16.172614,2025-05-13 04:18:31.400000,50.1112,51.34851925224454,15.227386
4266,EYUP00,S,2025-05-13 04:18:16.172614,2025-05-13 04:18:32.130000,53.4914,54.65224549749195,15.957386
4266,BAND00,S,2025-05-13 04:18:16.172614,2025-05-13 04:18:33.609900,61.185,62.20242992808343,17.437286
4266,ISK00,S,2025-05-13 04:18:16.172614,2025-05-13 04:18:33.760000,59.5542,60.59901650685536,17.587386
4266,ARNA00,S,2025-05-13 04:18:16.172614,2025-05-13 04:18:33.910000,59.4791,60.52521293451292,17.737386
4266,SARY00,S,2025-05-13 04:18:16.172614,2025-05-13 04:18:34.289900,60.7877,61.811669895320975,18.117286
4266,BUAD07,S,2025-05-13 04:18:16.172614,2025-05-13 04:18:34.349900,60.4221,61.45216214559199,18.177286
4266,MRTI00,S,2025-05-13 04:18:16.172614,2025-05-13 04:18:34.440000,59.6487,60.6918897023987,18.267386
4266,TESV01,S,2025-05-13 04:18:16.172614,2025-05-13 04:18:34.560000,61.9629,62.96776191328487,18.387386
4266,KCTX00,S,2025-05-13 04:18:16.172614,2025-05-13 04:18:35.080000,65.941,66.88612371006508,18.907386
4266,MDNY00,S,2025-05-13 04:18:16.172614,2025-05-13 04:18:36.440000,67.1654,68.0935314190572,20.267386
4266,KLYT00,S,2025-05-13 04:18:16.172614,2025-05-13 04:18:36.980000,69.3823,70.2811611831231,20.807386
4266,EDC00,S,2025-05-13 04:18:16.172614,2025-05-13 04:18:37.269900,72.82,73.6769330520627,21.097286
4266,KRTK01,S,2025-05-13 04:18:16.172614,2025-05-13 04:18:37.740000,73.8323,74.67761771272654,21.567386
4266,TZLA02,S,2025-05-13 04:18:16.172614,2025-05-13 04:18:37.920000,73.3004,74.15178153030531,21.747386
4266,SATE00,S,2025-05-13 04:18:16.172614,2025-05-13 04:18:38.349900,76.1017,76.92208269962617,22.177286
4266,MADA00,S,2025-05-13 04:18:16.172614,2025-05-13 04:18:38.450000,77.8134,78.61592258263035,22.277386
4266,TKR00,S,2025-05-13 04:18:16.172614,2025-05-13 04:18:38.720000,74.9455,75.77840084224613,22.547386
4266,GEML00,S,2025-05-13 04:18:16.172614,2025-05-13 04:18:39.349900,80.62,81.39485526713669,23.177286
4266,YLV00,S,2025-05-13 04:18:16.172614,2025-05-13 04:18:41.740000,87.507,88.22138693626466,25.567386
4294,ELBA00,P,2025-05-13 17:46:31.839759,2025-05-13 17:46:38.430000,37.4803,38.353464382803296,6.590241
4294,SLVT00,P,2025-05-13 17:46:31.839759,2025-05-13 17:46:39.640000,42.4791,43.251465626993046,7.800241
4294,CTKS00,P,2025-05-13 17:46:31.839759,2025-05-13 17:46:40.220000,49.3551,50.02140779789151,8.380241
4294,CATL00,P,2025-05-13 17:46:31.839759,2025-05-13 17:46:41.349900,55.933,56.52181730157799,9.510141
4294,BGKT00,P,2025-05-13 17:46:31.839759,2025-05-13 17:46:41.869900,59.0272,59.58544857524328,10.030141
4294,EDC00,P,2025-05-13 17:46:31.839759,2025-05-13 17:46:42.329900,63.5651,64.08383009841845,10.490141
4294,TKR00,P,2025-05-13 17:46:31.839759,2025-05-13 17:46:42.520000,60.4448,60.990074513095664,10.680241
4294,ARMT00,P,2025-05-13 17:46:31.839759,2025-05-13 17:46:42.620000,62.1624,62.69273734518984,10.780241
4294,KCTX00,P,2025-05-13 17:46:31.839759,2025-05-13 17:46:42.800000,65.471,65.97474655557959,10.960241
4294,EYUP00,P,2025-05-13 17:46:31.839759,2025-05-13 17:46:43.150000,67.0056,67.49789458518659,11.310241
4294,ARNA00,P,2025-05-13 17:46:31.839759,2025-05-13 17:46:43.320000,67.5045,67.99318246944291,11.480241
4294,CTYL00,P,2025-05-13 17:46:31.839759,2025-05-13 17:46:43.549900,70.0996,70.57031431298121,11.710141
4294,KAVV00,P,2025-05-13 17:46:31.839759,2025-05-13 17:46:44.210000,74.1139,74.55927517943667,12.370241
4294,SARY00,P,2025-05-13 17:46:31.839759,2025-05-13 17:46:44.289900,74.4991,74.94218600283128,12.450141
4294,MRTI00,P,2025-05-13 17:46:31.839759,2025-05-13 17:46:44.490000,74.7087,75.15055021596955,12.650241
4294,BUAD07,P,2025-05-13 17:46:31.839759,2025-05-13 17:46:44.640000,75.5261,75.96319584695578,12.800241
4294,TESV01,P,2025-05-13 17:46:31.839759,2025-05-13 17:46:44.690000,75.8662,76.30134759303378,12.850241
4294,MDNY00,P,2025-05-13 17:46:31.839759,2025-05-13 17:46:44.990000,76.6796,77.11015755549303,13.150241
4294,KLYT00,P,2025-05-13 17:46:31.839759,2025-05-13 17:46:45.750000,82.0048,82.40753949192369,13.910241
4294,KRTK01,P,2025-05-13 17:46:31.839759,2025-05-13 17:46:46.500000,87.6737,88.05051398920372,14.660241
4294,TZLA02,P,2025-05-13 17:46:31.839759,2025-05-13 17:46:46.650000,88.3659,88.73977476240832,14.810241
4294,SATE00,P,2025-05-13 17:46:31.839759,2025-05-13 17:46:46.849900,91.0232,91.38620399334332,15.010141
4294,TKOY00,P,2025-05-13 17:46:31.839759,2025-05-13 17:46:47.049900,90.2253,90.59150126895436,15.210141
4294,ELBA00,S,2025-05-13 17:46:31.839759,2025-05-13 17:46:43.440000,37.4803,38.353464382803296,11.600241
4294,SLVT00,S,2025-05-13 17:46:31.839759,2025-05-13 17:46:45.800000,42.4791,43.251465626993046,13.960241
4294,CTKS00,S,2025-05-13 17:46:31.839759,2025-05-13 17:46:46.470000,49.3551,50.02140779789151,14.630241
4294,CATL00,S,2025-05-13 17:46:31.839759,2025-05-13 17:46:48.369900,55.933,56.52181730157799,16.530141
4294,BGKT00,S,2025-05-13 17:46:31.839759,2025-05-13 17:46:49.650000,59.0272,59.58544857524328,17.810241
4294,EDC00,S,2025-05-13 17:46:31.839759,2025-05-13 17:46:50.309900,63.5651,64.08383009841845,18.470141
4294,TKR00,S,2025-05-13 17:46:31.839759,2025-05-13 17:46:50.800000,60.4448,60.990074513095664,18.960241
4294,KCTX00,S,2025-05-13 17:46:31.839759,2025-05-13 17:46:50.860000,65.471,65.97474655557959,19.020241
4294,ARMT00,S,2025-05-13 17:46:31.839759,2025-05-13 17:46:51.260000,62.1624,62.69273734518984,19.420241
4294,EYUP00,S,2025-05-13 17:46:31.839759,2025-05-13 17:46:51.840000,67.0056,67.49789458518659,20.000241
4294,ARNA00,S,2025-05-13 17:46:31.839759,2025-05-13 17:46:51.920000,67.5045,67.99318246944291,20.080241
4294,CTYL00,S,2025-05-13 17:46:31.839759,2025-05-13 17:46:52.260000,70.0996,70.57031431298121,20.420241
4294,SARY00,S,2025-05-13 17:46:31.839759,2025-05-13 17:46:53.809900,74.4991,74.94218600283128,21.970141
4294,KAVV00,S,2025-05-13 17:46:31.839759,2025-05-13 17:46:54.040000,74.1139,74.55927517943667,22.200241
4294,BUAD07,S,2025-05-13 17:46:31.839759,2025-05-13 17:46:54.320000,75.5261,75.96319584695578,22.480241
4294,MRTI00,S,2025-05-13 17:46:31.839759,2025-05-13 17:46:54.390000,74.7087,75.15055021596955,22.550241
4294,TESV01,S,2025-05-13 17:46:31.839759,2025-05-13 17:46:54.500000,75.8662,76.30134759303378,22.660241
4294,MDNY00,S,2025-05-13 17:46:31.839759,2025-05-13 17:46:54.820000,76.6796,77.11015755549303,22.980241
4294,KLYT00,S,2025-05-13 17:46:31.839759,2025-05-13 17:46:56.360000,82.0048,82.40753949192369,24.520241
4294,TZLA02,S,2025-05-13 17:46:31.839759,2025-05-13 17:46:58.150000,88.3659,88.73977476240832,26.310241
4294,SATE00,S,2025-05-13 17:46:31.839759,2025-05-13 17:46:58.280000,91.0232,91.38620399334332,26.440241
4294,TKOY00,S,2025-05-13 17:46:31.839759,2025-05-13 17:46:58.360000,90.2253,90.59150126895436,26.520241
4294,KRTK01,S,2025-05-13 17:46:31.839759,2025-05-13 17:46:58.369900,87.6737,88.05051398920372,26.530141
4527,ELBA00,P,2025-05-20 20:36:54.080358,2025-05-20 20:37:00.620000,36.074,38.87646585595228,6.539642
4527,BOTS00,P,2025-05-20 20:36:54.080358,2025-05-20 20:37:01.349900,38.8595,41.47417101882838,7.269542
4527,CTKS00,P,2025-05-20 20:36:54.080358,2025-05-20 20:37:02.300000,47.0264,49.2090278141016,8.219642
4527,ERDK01,P,2025-05-20 20:36:54.080358,2025-05-20 20:37:02.430000,50.7352,52.76463437274084,8.349642
4527,ARMT00,P,2025-05-20 20:36:54.080358,2025-05-20 20:37:02.780000,49.4458,51.52604447353807,8.699642
4527,SLVT00,P,2025-05-20 20:36:54.080358,2025-05-20 20:37:02.840000,47.3764,49.54361107558697,8.759642
4527,BGKT00,P,2025-05-20 20:36:54.080358,2025-05-20 20:37:03.000000,51.2789,53.28763183571798,8.919642
4527,ESEK01,P,2025-05-20 20:36:54.080358,2025-05-20 20:37:03.190000,51.8133,53.8020834014727,9.109642
4527,BAND00,P,2025-05-20 20:36:54.080358,2025-05-20 20:37:03.540000,57.4269,59.22748487872016,9.459642
4527,EYUP00,P,2025-05-20 20:36:54.080358,2025-05-20 20:37:03.789900,56.782,58.60240306889321,9.709542
4527,CATL00,P,2025-05-20 20:36:54.080358,2025-05-20 20:37:03.970000,57.4643,59.26374858156564,9.889642
4527,KCTX00,P,2025-05-20 20:36:54.080358,2025-05-20 20:37:04.520000,62.4584,64.11784347597028,10.439642
4527,MRTI00,P,2025-05-20 20:36:54.080358,2025-05-20 20:37:04.580000,61.237,62.9286603261902,10.499642
4527,ISK00,P,2025-05-20 20:36:54.080358,2025-05-20 20:37:04.589900,62.472,64.1310915660183,10.509542
4527,BUAD07,P,2025-05-20 20:36:54.080358,2025-05-20 20:37:04.660000,62.1383,63.80606905568642,10.579642
4527,TESV01,P,2025-05-20 20:36:54.080358,2025-05-20 20:37:04.720000,62.3351,63.997740690269865,10.639642
4527,SARY00,P,2025-05-20 20:36:54.080358,2025-05-20 20:37:04.869900,64.0014,65.62183572111516,10.789542
4527,ARNA00,P,2025-05-20 20:36:54.080358,2025-05-20 20:37:04.950000,63.2305,64.87019540358287,10.869642
4527,EDC00,P,2025-05-20 20:36:54.080358,2025-05-20 20:37:05.420000,69.1572,70.65949641264807,11.339642
4527,MDNY00,P,2025-05-20 20:36:54.080358,2025-05-20 20:37:05.450000,65.6022,67.18403654357948,11.369642
4527,CTYL00,P,2025-05-20 20:36:54.080358,2025-05-20 20:37:06.400000,72.8881,74.31501357773558,12.319642
4527,TZLA02,P,2025-05-20 20:36:54.080358,2025-05-20 20:37:06.500000,74.8918,76.2812416567076,12.419642
4527,KLYT00,P,2025-05-20 20:36:54.080358,2025-05-20 20:37:06.520000,72.8504,74.27803781474725,12.439642
4527,MADA00,P,2025-05-20 20:36:54.080358,2025-05-20 20:37:06.660000,75.0291,76.4160452278121,12.579642
4527,TKR00,P,2025-05-20 20:36:54.080358,2025-05-20 20:37:06.800000,74.0647,75.46937065816188,12.719642
4527,KRTK01,P,2025-05-20 20:36:54.080358,2025-05-20 20:37:06.829900,74.1712,75.57389119854174,12.749542
4527,SATE00,P,2025-05-20 20:36:54.080358,2025-05-20 20:37:07.009900,78.5956,79.9206760532531,12.929542
4527,GEML00,P,2025-05-20 20:36:54.080358,2025-05-20 20:37:07.410000,80.3558,81.65231604240644,13.329642
4527,YLV00,P,2025-05-20 20:36:54.080358,2025-05-20 20:37:08.560000,87.958,89.1440176649506,14.479642
4527,NMR700,P,2025-05-20 20:36:54.080358,2025-05-20 20:37:09.569900,97.7734,98.84171118009353,15.489542
4527,ULDT00,P,2025-05-20 20:36:54.080358,2025-05-20 20:37:10.760000,98.8391,99.89601498688036,16.679642
4527,ELBA00,S,2025-05-20 20:36:54.080358,2025-05-20 20:37:05.160000,36.074,38.87646585595228,11.079642
4527,BOTS00,S,2025-05-20 20:36:54.080358,2025-05-20 20:37:06.769900,38.8595,41.47417101882838,12.689542
4527,CTKS00,S,2025-05-20 20:36:54.080358,2025-05-20 20:37:08.000000,47.0264,49.2090278141016,13.919642
4527,ARMT00,S,2025-05-20 20:36:54.080358,2025-05-20 20:37:09.100000,49.4458,51.52604447353807,15.019642
4527,ERDK01,S,2025-05-20 20:36:54.080358,2025-05-20 20:37:09.240000,50.7352,52.76463437274084,15.159642
4527,ESEK01,S,2025-05-20 20:36:54.080358,2025-05-20 20:37:09.410000,51.8133,53.8020834014727,15.329642
4527,SLVT00,S,2025-05-20 20:36:54.080358,2025-05-20 20:37:09.430000,47.3764,49.54361107558697,15.349642
4527,BGKT00,S,2025-05-20 20:36:54.080358,2025-05-20 20:37:09.430000,51.2789,53.28763183571798,15.349642
4527,BAND00,S,2025-05-20 20:36:54.080358,2025-05-20 20:37:10.260000,57.4269,59.22748487872016,16.179642
4527,CATL00,S,2025-05-20 20:36:54.080358,2025-05-20 20:37:10.849900,57.4643,59.26374858156564,16.769542
4527,EYUP00,S,2025-05-20 20:36:54.080358,2025-05-20 20:37:11.040000,56.782,58.60240306889321,16.959642
4527,KCTX00,S,2025-05-20 20:36:54.080358,2025-05-20 20:37:11.990000,62.4584,64.11784347597028,17.909642
4527,TESV01,S,2025-05-20 20:36:54.080358,2025-05-20 20:37:12.369900,62.3351,63.997740690269865,18.289542
4527,ISK00,S,2025-05-20 20:36:54.080358,2025-05-20 20:37:12.509900,62.472,64.1310915660183,18.429542
4527,MRTI00,S,2025-05-20 20:36:54.080358,2025-05-20 20:37:12.529900,61.237,62.9286603261902,18.449542
4527,BUAD07,S,2025-05-20 20:36:54.080358,2025-05-20 20:37:12.660000,62.1383,63.80606905568642,18.579642
4527,ARNA00,S,2025-05-20 20:36:54.080358,2025-05-20 20:37:12.829900,63.2305,64.87019540358287,18.749542
4527,SARY00,S,2025-05-20 20:36:54.080358,2025-05-20 20:37:13.020000,64.0014,65.62183572111516,18.939642
4527,MDNY00,S,2025-05-20 20:36:54.080358,2025-05-20 20:37:13.220000,65.6022,67.18403654357948,19.139642
4527,EDC00,S,2025-05-20 20:36:54.080358,2025-05-20 20:37:13.940000,69.1572,70.65949641264807,19.859642
4527,CTYL00,S,2025-05-20 20:36:54.080358,2025-05-20 20:37:15.120000,72.8881,74.31501357773558,21.039642
4527,KRTK01,S,2025-05-20 20:36:54.080358,2025-05-20 20:37:15.600000,74.1712,75.57389119854174,21.519642
4527,KLYT00,S,2025-05-20 20:36:54.080358,2025-05-20 20:37:15.769900,72.8504,74.27803781474725,21.689542
4527,MADA00,S,2025-05-20 20:36:54.080358,2025-05-20 20:37:16.190000,75.0291,76.4160452278121,22.109642
4527,TZLA02,S,2025-05-20 20:36:54.080358,2025-05-20 20:37:16.260000,74.8918,76.2812416567076,22.179642
4527,TKR00,S,2025-05-20 20:36:54.080358,2025-05-20 20:37:16.349900,74.0647,75.46937065816188,22.269542
4527,SATE00,S,2025-05-20 20:36:54.080358,2025-05-20 20:37:16.980000,78.5956,79.9206760532531,22.899642
4527,GEML00,S,2025-05-20 20:36:54.080358,2025-05-20 20:37:17.240000,80.3558,81.65231604240644,23.159642
4527,YLV00,S,2025-05-20 20:36:54.080358,2025-05-20 20:37:19.369900,87.958,89.1440176649506,25.289542
4527,ULDT00,S,2025-05-20 20:36:54.080358,2025-05-20 20:37:22.609900,98.8391,99.89601498688036,28.529542
4527,NMR700,S,2025-05-20 20:36:54.080358,2025-05-20 20:37:22.680000,97.7734,98.84171118009353,28.599642
